Tg,Tx,Tl,Rc,Dmax,Phase
507,NAN,1189,6030,0.2,MG
522,NAN,1193,6990,0.23,MG
494,NAN,1201,4160,0.26,MG
465,NAN,1189,6860,0.2,MG
498,NAN,1115,3970,0.685,MG
468,NAN,1146,10200,0.29,MG
496,NAN,1142,6230,0.4,MG
488,NAN,1167,7010,0.3,MG
510,NAN,1177,4060,0.58,MG
523,NAN,1165,4450,0.425,MG
530,559,1231,NAN,NAN,MMG
551,617,1007,NAN,NAN,MMG
551,617,1009,NAN,NAN,MMG
552,617,1011,NAN,NAN,MMG
554,620,1014,NAN,NAN,MMG
554,620,1016,NAN,NAN,MMG
555,620,1018,NAN,NAN,MMG
555,620,1020,NAN,NAN,MMG
570,NAN,1283,3650,0.2,MG
519,NAN,1158,3490,0.51,MG
516,NAN,1230,7050,NAN,MG
477,NAN,1200,5620,0.18,MG
570,NAN,1173,3820,0.25,MG
508,NAN,1268,7200,NAN,MG
484,NAN,1185,5160,NAN,MG
500,506,1205,3320,1,MG
446,470,841,NAN,NAN,MMG
510,NAN,1200,4890,NAN,MG
512,NAN,1207,3380,0.85,MG
505,NAN,1198,5240,NAN,MG
507,NAN,1206,3300,0.785,MG
409,437,681,NAN,NAN,MMG
713.5,742.5,NAN,NAN,0.035,MG
704,740.5,NAN,NAN,0.035,MG
702,746.5,NAN,NAN,0.035,MG
704.5,738,NAN,NAN,0.035,MG
701,732.5,NAN,NAN,0.035,MG
692,714,NAN,NAN,0.035,MG
504,NAN,1196,3040,1,MG
505,NAN,1197,3010,1,MG
523,538,1179,NAN,NAN,MMG
509.0,524,1190,NAN,NAN,MMG
480.0,546,1175,NAN,NAN,MMG
583,652,1036,NAN,NAN,MMG
851.0,972,1370,NAN,NAN,CMA
880.0,1077,1468,NAN,NAN,CMA
871.0,1043,1437,NAN,NAN,CMA
562,637,989,NAN,NAN,MMG
572,644,1013,NAN,NAN,MMG
566,640,997,NAN,NAN,MMG
838.0,910,1303,NAN,NAN,CMA
877.0,1017,1392,NAN,NAN,CMA
934.0,1165,1498,NAN,NAN,CMA
882.0,1080,1469,NAN,NAN,CMA
881.0,1078,1469,NAN,NAN,CMA
873.0,1047,1439,NAN,NAN,CMA
813.0,865,1277,NAN,NAN,CMA
863.0,1055,1467,NAN,NAN,CMA
873.0,1047,1439,NAN,NAN,CMA
834.0,1000,1438,NAN,NAN,CMA
872.0,1046,1439,NAN,NAN,CMA
826.0,962,1397,NAN,NAN,CMA
822.0,941,1373,NAN,NAN,CMA
845.0,1013,1439,NAN,NAN,CMA
840.0,1007,1438,NAN,NAN,CMA
881.0,1077,1468,NAN,NAN,CMA
848.0,942,1333,NAN,NAN,CMA
840.0,1006,1438,NAN,NAN,CMA
810.0,848,1257,NAN,NAN,CMA
813.0,865,1277,NAN,NAN,CMA
806.0,830,1235,NAN,NAN,CMA
871.0,1044,1438,NAN,NAN,CMA
843.0,1011,1439,NAN,NAN,CMA
843.0,1011,1440,NAN,NAN,CMA
844.0,1005,1429,NAN,NAN,CMA
849.0,1018,1439,NAN,NAN,CMA
845.0,1014,1439,NAN,NAN,CMA
846.0,1014,1439,NAN,NAN,CMA
843.0,1011,1439,NAN,NAN,CMA
847.0,1016,1439,NAN,NAN,CMA
845.0,992,1409,NAN,NAN,CMA
842.0,989,1409,NAN,NAN,CMA
845.0,992,1409,NAN,NAN,CMA
844.0,991,1409,NAN,NAN,CMA
835.0,942,1353,NAN,NAN,CMA
843.0,982,1399,NAN,NAN,CMA
808.0,849,1260,NAN,NAN,CMA
830.0,889,1285,NAN,NAN,CMA
822.0,941,1373,NAN,NAN,CMA
844.0,1012,1439,NAN,NAN,CMA
834.0,1000,1438,NAN,NAN,CMA
848.0,1017,1439,NAN,NAN,CMA
873.0,1048,1439,NAN,NAN,CMA
840.0,1007,1438,NAN,NAN,CMA
855.0,951,1335,NAN,NAN,CMA
820.0,930,1361,NAN,NAN,CMA
863.0,1036,1440,NAN,NAN,CMA
829.0,994,1438,NAN,NAN,CMA
841.0,1008,1439,NAN,NAN,CMA
810.0,901,1335,NAN,NAN,CMA
800.0,835,1253,NAN,NAN,CMA
821.0,924,1352,NAN,NAN,CMA
814.0,871,1285,NAN,NAN,CMA
851.0,1024,1443,NAN,NAN,CMA
855.0,951,1335,NAN,NAN,CMA
840.0,912,1302,NAN,NAN,CMA
842.0,981,1399,NAN,NAN,CMA
843.0,1011,1439,NAN,NAN,CMA
824.0,934,1361,NAN,NAN,CMA
812.0,878,1298,NAN,NAN,CMA
814.0,882,1300,NAN,NAN,CMA
804.0,843,1257,NAN,NAN,CMA
808.0,861,1280,NAN,NAN,CMA
806.0,860,1280,NAN,NAN,CMA
841.0,944,1348,NAN,NAN,CMA
835.0,946,1359,NAN,NAN,CMA
827.0,971,1410,NAN,NAN,CMA
831.0,892,1289,NAN,NAN,CMA
831.0,894,1290,NAN,NAN,CMA
835.0,904,1299,NAN,NAN,CMA
778.0,810,1250,NAN,NAN,CMA
820.0,853,1250,NAN,NAN,CMA
805.0,832,1241,NAN,NAN,CMA
821.0,924,1352,NAN,NAN,CMA
812.0,903,1335,NAN,NAN,CMA
800.0,890,1336,NAN,NAN,CMA
845.0,984,1398,NAN,NAN,CMA
807.0,833,1239,NAN,NAN,CMA
845.0,984,1398,NAN,NAN,CMA
821.0,926,1353,NAN,NAN,CMA
812.0,918,1357,NAN,NAN,CMA
819.0,923,1352,NAN,NAN,CMA
803.0,848,1267,NAN,NAN,CMA
812.0,918,1357,NAN,NAN,CMA
819.0,923,1352,NAN,NAN,CMA
821.0,923,1350,NAN,NAN,CMA
822.0,925,1351,NAN,NAN,CMA
822.0,927,1354,NAN,NAN,CMA
835.0,906,1301,NAN,NAN,CMA
837.0,916,1314,NAN,NAN,CMA
835.0,919,1321,NAN,NAN,CMA
812.0,901,1331,NAN,NAN,CMA
802.0,860,1259,NAN,NAN,CMA
809.0,868,1289,NAN,NAN,CMA
778.0,805,1241,NAN,NAN,CMA
781.0,818,1257,NAN,NAN,CMA
799.0,839,1260,NAN,NAN,CMA
803.0,843,1260,NAN,NAN,CMA
812.0,860,1272,NAN,NAN,CMA
798.0,863,1298,NAN,NAN,CMA
809.0,868,1289,NAN,NAN,CMA
809.0,868,1289,NAN,NAN,CMA
800.0,835,1253,NAN,NAN,CMA
836.0,803,1249,NAN,NAN,CMA
812.0,786,1240,NAN,NAN,CMA
786.0,826,1263,NAN,NAN,CMA
781.0,817,1257,NAN,NAN,CMA
778.0,805,1241,NAN,NAN,CMA
781.0,814,1252,NAN,NAN,CMA
841.0,1009,1439,NAN,NAN,CMA
812.0,881,1302,NAN,NAN,CMA
799.0,840,1262,NAN,NAN,CMA
808.0,847,1257,NAN,NAN,CMA
781.0,814,1252,NAN,NAN,CMA
800.0,840,1260,NAN,NAN,CMA
829.0,975,1412,NAN,NAN,CMA
778.0,817,1260,NAN,NAN,CMA
812.0,918,1357,NAN,NAN,CMA
820.0,896,1312,NAN,NAN,CMA
796.0,837,1261,NAN,NAN,CMA
804.0,837,1250,NAN,NAN,CMA
821.0,925,1352,NAN,NAN,CMA
787.0,813,1240,NAN,NAN,CMA
811.0,902,1335,NAN,NAN,CMA
847.0,1016,1436,NAN,NAN,CMA
806.0,849,1265,NAN,NAN,CMA
797.0,833,1253,NAN,NAN,CMA
804.0,843,1258,NAN,NAN,CMA
820.0,922,1350,NAN,NAN,CMA
813.0,904,1333,NAN,NAN,CMA
824.0,961,1399,NAN,NAN,CMA
900.0,1105,1473,NAN,NAN,CMA
801.0,848,1270,NAN,NAN,CMA
822.0,903,1319,NAN,NAN,CMA
805.0,842,1254,NAN,NAN,CMA
797.0,840,1264,NAN,NAN,CMA
822.0,903,1319,NAN,NAN,CMA
797.0,833,1253,NAN,NAN,CMA
811.0,852,1260,NAN,NAN,CMA
792.0,884,1340,NAN,NAN,CMA
820.0,925,1352,NAN,NAN,CMA
814.0,856,1262,NAN,NAN,CMA
809.0,861,1277,NAN,NAN,CMA
812.0,880,1301,NAN,NAN,CMA
820.0,905,1324,NAN,NAN,CMA
808.0,856,1270,NAN,NAN,CMA
798.0,830,1248,NAN,NAN,CMA
905.0,1111,1473,NAN,NAN,CMA
810.0,845,1252,NAN,NAN,CMA
784.0,845,1293,NAN,NAN,CMA
820.0,927,1357,NAN,NAN,CMA
776.0,820,1268,NAN,NAN,CMA
789.0,875,1330,NAN,NAN,CMA
809.0,876,1300,NAN,NAN,CMA
802.0,849,1270,NAN,NAN,CMA
809.0,876,1300,NAN,NAN,CMA
802.0,849,1270,NAN,NAN,CMA
783.0,837,1282,NAN,NAN,CMA
812.0,877,1296,NAN,NAN,CMA
796.0,836,1260,NAN,NAN,CMA
802.0,849,1270,NAN,NAN,CMA
804.0,844,1259,NAN,NAN,CMA
774.0,819,1270,NAN,NAN,CMA
796.0,836,1260,NAN,NAN,CMA
793.0,832,1260,NAN,NAN,CMA
813.0,878,1296,NAN,NAN,CMA
807.0,853,1269,NAN,NAN,CMA
776.0,916,1262,NAN,NAN,CMA
830.0,797,1250,NAN,NAN,CMA
811.0,891,1318,NAN,NAN,CMA
792.0,824,1248,NAN,NAN,CMA
779.0,820,1263,NAN,NAN,CMA
777.0,834,1287,NAN,NAN,CMA
807.0,854,1269,NAN,NAN,CMA
796.0,835,1259,NAN,NAN,CMA
788.0,850,1294,NAN,NAN,CMA
792.0,827,1253,NAN,NAN,CMA
804.0,863,1288,NAN,NAN,CMA
785.0,833,1273,NAN,NAN,CMA
781.0,835,1282,NAN,NAN,CMA
800.0,843,1264,NAN,NAN,CMA
787.0,841,1282,NAN,NAN,CMA
844.0,972,1381,NAN,NAN,CMA
903.0,1110,1475,NAN,NAN,CMA
778.0,820,1264,NAN,NAN,CMA
903.0,1110,1475,NAN,NAN,CMA
800.0,846,1270,NAN,NAN,CMA
800.0,846,1270,NAN,NAN,CMA
800.0,846,1270,NAN,NAN,CMA
797.0,841,1266,NAN,NAN,CMA
801.0,843,1263,NAN,NAN,CMA
808.0,857,1273,NAN,NAN,CMA
799.0,845,1270,NAN,NAN,CMA
791.0,879,1333,NAN,NAN,CMA
801.0,843,1263,NAN,NAN,CMA
801.0,843,1263,NAN,NAN,CMA
797.0,830,1250,NAN,NAN,CMA
808.0,862,1280,NAN,NAN,CMA
795.0,834,1259,NAN,NAN,CMA
792.0,825,1249,NAN,NAN,CMA
796.0,839,1264,NAN,NAN,CMA
804.0,846,1263,NAN,NAN,CMA
777.0,830,1282,NAN,NAN,CMA
804.0,846,1263,NAN,NAN,CMA
795.0,832,1256,NAN,NAN,CMA
775.0,818,1267,NAN,NAN,CMA
795.0,829,1250,NAN,NAN,CMA
794.0,832,12580,NAN,NAN,CMA
789.0,823,1251,NAN,NAN,CMA
789.0,823,1251,NAN,NAN,CMA
792.0,826,1250,NAN,NAN,CMA
794.0,832,1258,NAN,NAN,CMA
803.0,836,1250,NAN,NAN,CMA
796.0,840,1266,NAN,NAN,CMA
791.0,825,1252,NAN,NAN,CMA
796.0,840,1266,NAN,NAN,CMA
798.0,842,1266,NAN,NAN,CMA
787.0,827,1260,NAN,NAN,CMA
796.0,859,1296,NAN,NAN,CMA
798.0,842,1266,NAN,NAN,CMA
791.0,826,1253,NAN,NAN,CMA
794.0,827,1250,NAN,NAN,CMA
773.0,809,1255,NAN,NAN,CMA
785.0,820,1253,NAN,NAN,CMA
785.0,820,1253,NAN,NAN,CMA
869.0,999,1380,NAN,NAN,CMA
797.0,838,1263,NAN,NAN,CMA
793.0,848,1283,NAN,NAN,CMA
790.0,845,1284,NAN,NAN,CMA
776.0,808,1249,NAN,NAN,CMA
796.0,835,1259,NAN,NAN,CMA
762.0,820,1291,NAN,NAN,CMA
782.0,811,1245,NAN,NAN,CMA
804.0,848,1267,NAN,NAN,CMA
804.0,848,1267,NAN,NAN,CMA
789.0,831,1264,NAN,NAN,CMA
789.0,831,1264,NAN,NAN,CMA
773.0,803,1247,NAN,NAN,CMA
773.0,803,1247,NAN,NAN,CMA
793.0,825,1249,NAN,NAN,CMA
842.0,969,1381,NAN,NAN,CMA
791.0,844,1281,NAN,NAN,CMA
787.0,818,1247,NAN,NAN,CMA
792.0,866,1311,NAN,NAN,CMA
778.0,837,1291,NAN,NAN,CMA
778.0,837,1291,NAN,NAN,CMA
842.0,966,1377,NAN,NAN,CMA
774.0,809,1255,NAN,NAN,CMA
788.0,826,1258,NAN,NAN,CMA
794.0,828,1251,NAN,NAN,CMA
793.0,825,1249,NAN,NAN,CMA
774.0,811,1257,NAN,NAN,CMA
805.0,876,1305,NAN,NAN,CMA
849.0,928,1311,NAN,NAN,CMA
800.0,846,1269,NAN,NAN,CMA
795.0,827,1249,NAN,NAN,CMA
793.0,825,1249,NAN,NAN,CMA
796.0,824,1243,NAN,NAN,CMA
794.0,827,1251,NAN,NAN,CMA
792.0,826,1251,NAN,NAN,CMA
835.0,899,1292,NAN,NAN,CMA
794.0,830,1256,NAN,NAN,CMA
769.0,806,1257,NAN,NAN,CMA
813.0,849,1252,NAN,NAN,CMA
794.0,835,1263,NAN,NAN,CMA
773.0,815,1266,NAN,NAN,CMA
772.0,812,1262,NAN,NAN,CMA
773.0,815,1266,NAN,NAN,CMA
779.0,861,1327,NAN,NAN,CMA
791.0,833,1287,NAN,NAN,CMA
785.0,842,1287,NAN,NAN,CMA
773.0,816,1267,NAN,NAN,CMA
796.0,837,1262,NAN,NAN,CMA
773.0,816,1268,NAN,NAN,CMA
760.0,816,1288,NAN,NAN,CMA
779.0,841,1295,NAN,NAN,CMA
795.0,837,1263,NAN,NAN,CMA
774.0,814,1261,NAN,NAN,CMA
795.0,837,1263,NAN,NAN,CMA
808.0,839,1247,NAN,NAN,CMA
795.0,890,1344,NAN,NAN,CMA
772.0,836,1299,NAN,NAN,CMA
809.0,866,1283,NAN,NAN,CMA
783.0,823,1261,NAN,NAN,CMA
779.0,814,1254,NAN,NAN,CMA
771.0,876,1364,NAN,NAN,CMA
798.0,855,1286,NAN,NAN,CMA
782.0,822,1261,NAN,NAN,CMA
827.0,875,1269,NAN,NAN,CMA
820.0,874,1279,NAN,NAN,CMA
786.0,839,1280,NAN,NAN,CMA
771.0,821,1277,NAN,NAN,CMA
827.0,876,1271,NAN,NAN,CMA
777.0,821,1268,NAN,NAN,CMA
777.0,824,1274,NAN,NAN,CMA
775.0,834,1291,NAN,NAN,CMA
737,744,1188,NAN,NAN,CMA
773.0,824,1280,NAN,NAN,CMA
806.0,837,1247,NAN,NAN,CMA
798.0,851,1280,NAN,NAN,CMA
787.0,853,1300,NAN,NAN,CMA
759.0,818,1293,NAN,NAN,CMA
810.0,866,1283,NAN,NAN,CMA
776.0,832,1286,NAN,NAN,CMA
776.0,832,1286,NAN,NAN,CMA
793.0,849,1284,NAN,NAN,CMA
806.0,837,1247,NAN,NAN,CMA
806.0,837,1247,NAN,NAN,CMA
772.0,828,1288,NAN,NAN,CMA
784.0,821,1256,NAN,NAN,CMA
776.0,832,1286,NAN,NAN,CMA
563,602,1121,NAN,NAN,CMA
778.0,845,1302,NAN,NAN,CMA
782.0,844,1294,NAN,NAN,CMA
308,471,787,NAN,NAN,CMA
307,462,796,NAN,NAN,CMA
772.0,931,1292,NAN,NAN,CMA
782.0,843,1293,NAN,NAN,CMA
772.0,831,1292,NAN,NAN,CMA
783.0,855,1310,NAN,NAN,CMA
783.0,855,1310,NAN,NAN,CMA
782.0,845,1297,NAN,NAN,CMA
773.0,833,1292,NAN,NAN,CMA
784.0,851,1304,NAN,NAN,CMA
726,746,1167,NAN,NAN,CMA
784.0,851,1304,NAN,NAN,CMA
785.0,852,1301,NAN,NAN,CMA
785.0,852,1301,NAN,NAN,CMA
794.0,877,1326,NAN,NAN,CMA
866.0,999,1385,NAN,NAN,CMA
866.0,999,1385,NAN,NAN,CMA
812.0,879,1299,NAN,NAN,CMA
781.0,849,1304,NAN,NAN,CMA
815.0,904,1332,NAN,NAN,CMA
779.0,841,1297,NAN,NAN,CMA
776.0,840,1298,NAN,NAN,CMA
651,713,1096,NAN,NAN,CMA
846.0,927,1315,NAN,NAN,CMA
783.0,849,1302,NAN,NAN,CMA
778.0,848,1310,NAN,NAN,CMA
789.0,832,1266,NAN,NAN,CMA
782.0,853,1310,NAN,NAN,CMA
867.0,975,1349,NAN,NAN,CMA
776.0,838,1297,NAN,NAN,CMA
779.0,845,1300,NAN,NAN,CMA
568,604,1129,NAN,NAN,CMA
779.0,865,1333,NAN,NAN,CMA
839.0,864,1236,NAN,NAN,CMA
782.0,856,1313,NAN,NAN,CMA
287,461,747,NAN,NAN,CMA
795.0,880,1328,NAN,NAN,CMA
658,732,1079,NAN,NAN,CMA
881.0,1060,1444,NAN,NAN,CMA
346,464,894,NAN,NAN,CMA
613,683,1077,NAN,NAN,CMA
815.0,864,1272,NAN,NAN,CMA
803,813,1185,NAN,NAN,CMA
848.0,945,1337,NAN,NAN,CMA
805.0,807,1203,NAN,NAN,CMA
397,495,961,NAN,NAN,CMA
418,471,1066,NAN,NAN,CMA
679,712,1144,NAN,NAN,CMA
320,461,834,NAN,NAN,CMA
740.0,758,1229,NAN,NAN,CMA
809.0,821,1217,NAN,NAN,CMA
875.0,1047,1437,NAN,NAN,CMA
669,713,1127,NAN,NAN,CMA
758.0,770,1219,NAN,NAN,CMA
746,747,1199,NAN,NAN,CMA
863.0,977,1358,NAN,NAN,CMA
950.0,1135,1433,NAN,NAN,CMA
849.0,952,1346,NAN,NAN,CMA
849.0,952,1346,NAN,NAN,CMA
812.0,854,1262,NAN,NAN,CMA
867.0,1021,1412,NAN,NAN,CMA
846.0,943,1338,NAN,NAN,CMA
828.0,894,1296,NAN,NAN,CMA
879.0,992,1354,NAN,NAN,CMA
820,821,1198,NAN,NAN,CMA
816.0,845,1243,NAN,NAN,CMA
826.0,867,1260,NAN,NAN,CMA
826.0,887,1290,NAN,NAN,CMA
826.0,887,1290,NAN,NAN,CMA
793.0,888,1344,NAN,NAN,CMA
803.0,846,1264,NAN,NAN,CMA
817.0,863,1267,NAN,NAN,CMA
NAN,NAN,NAN,NAN,0.01,MG
822.0,835,1219,NAN,NAN,CMA
853.0,882,1240,NAN,NAN,CMA
806.0,848,1262,NAN,NAN,CMA
814.0,857,1265,NAN,NAN,CMA
812.0,845,1248,NAN,NAN,CMA
394,426,805,NAN,0.5,MMG
391,425,796,NAN,1.1,MMG
407,439,809,NAN,0.3,MMG
399,426,765,NAN,0.7,MMG
393,427,880,NAN,0.5,MMG
451,488,887,NAN,0.7,MMG
444,498,812,NAN,0.8,MMG
486,526,920,NAN,0.7,MMG
440,485,919,NAN,0.5,MMG
398,430,825,NAN,2,MMG
452,487,809,NAN,1,MMG
426,466,797,NAN,1.2,MMG
428,488,843,NAN,0.3,MMG
384,416,854,NAN,2,MMG
407,427,809,NAN,2,MMG
387,420,833,NAN,3,MMG
405,436,842,NAN,0.5,MMG
414,445,805,NAN,0.8,MMG
407,463,877,NAN,0.5,MMG
433,463,831,NAN,0.5,MMG
413,432,803,NAN,2.5,MMG
348,383,654,NAN,0.5,MMG
NAN,NAN,NAN,740000,NAN,MG
395,420,664,NAN,NAN,MMG
395,420,664,NAN,1,MMG
393,427,651,NAN,NAN,MMG
393,427,651,NAN,2,MMG
401,459,644,160,5,MMG
527,534,841,NAN,1,MMG
503,527,NAN,NAN,1.5,MMG
512,523,831,NAN,2,MMG
403,424,757,NAN,0.5,MMG
498,517,NAN,NAN,1.5,MMG
517,540,775,NAN,1.5,MMG
483,531,868,NAN,2,MMG
508,523,873,NAN,2,MMG
398,428,668,NAN,8,MMG
672,772,1113,40,10,MMG
399,428,714,NAN,0.5,MMG
399,436,680,NAN,4,MMG
400,438,678,NAN,6,MMG
395,430,694,NAN,0.5,MMG
400,439,655,NAN,9,MMG
402,439,731,NAN,2,MMG
386,405,679,NAN,2,MMG
356,385,702,NAN,0.5,MMG
401,436,717,NAN,1,MMG
390,416,676,NAN,2,MMG
387,412,678,NAN,4,MMG
405,429,691,NAN,0.5,MMG
377,409,744,NAN,1,MMG
387,405,759,NAN,0.5,MMG
380,405,668,NAN,5,MMG
377,412,659,NAN,2,MMG
371,397,688,NAN,0.5,MMG
375,418,751,NAN,1,MMG
378,415,660,NAN,4,MMG
377,410,630,NAN,6,MMG
513,539,873,NAN,1.5,MMG
463,491,776,NAN,1.5,MMG
420,460,771,NAN,1.5,MMG
397,437,706,NAN,3,MMG
401,442,690,NAN,8,MMG
406,439,655,NAN,7,MMG
399,442,691,NAN,1,MMG
399,426,720,NAN,2,MMG
397,422,770,NAN,0.5,MMG
388,426,667,NAN,6,MMG
387,412,678,NAN,4,MMG
394,426,701,NAN,1,MMG
383,409,682,NAN,4,MMG
388,420,711,NAN,2,MMG
385,407,713,NAN,1,MMG
431,453,683,NAN,13,MMG
383,428,702,NAN,2,MMG
389,419,671,NAN,0.5,MMG
387,419,696,NAN,0.5,MMG
378,415,660,NAN,4,MMG
379,427,650,NAN,6,MMG
380,400,666,NAN,0.5,MMG
375,410,630,NAN,6,MMG
367,399,657,NAN,0.5,MMG
420,460,NAN,NAN,1.5,MMG
367,399,657,NAN,0.5,MMG
380,400,666,NAN,0.5,MMG
387,419,696,NAN,0.5,MMG
389,419,671,NAN,0.5,MMG
397,422,770,NAN,0.5,MMG
399,428,714,NAN,0.5,MMG
385,407,713,NAN,1,MMG
394,426,701,NAN,1,MMG
396,428,687,NAN,1,MMG
377,412,659,NAN,2,MMG
383,428,702,NAN,2,MMG
388,420,711,NAN,2,MMG
387,430,798,NAN,2.5,MMG
383,409,682,NAN,4,MMG
399,436,680,NAN,4,MMG
406,439,655,NAN,7,MMG
379,427,650,NAN,6,MMG
388,426,667,NAN,6,MMG
401,442,690,NAN,8,MMG
379,427,NAN,NAN,1,MMG
404,440,NAN,NAN,4,MMG
401,435,NAN,NAN,4,MMG
399,426,720,NAN,2,MMG
400,438,678,NAN,6,MMG
508.2,523.2,NAN,NAN,2,MMG
392.2,416.2,NAN,NAN,4,MMG
395.2,417.2,NAN,NAN,4.5,MMG
397,438,682,NAN,NAN,MMG
400,442,663,NAN,10,MMG
383,421,650,NAN,10,MMG
393,440,676,NAN,6,MMG
448,484,745,NAN,1.5,MMG
447,491,822,NAN,1,MMG
431,485,748,NAN,2.5,MMG
399,440,673,NAN,10,MMG
399,440,673,NAN,6,MMG
503,528,NAN,NAN,1.5,MMG
400,442,663,NAN,10,MMG
378,428,650,NAN,10,MMG
375,412,640,NAN,10,MMG
393,440,676,NAN,6,MMG
447,491,822,NAN,NAN,MMG
401,450,757,NAN,2,MMG
399,441,654,NAN,10,MMG
393,435,663,NAN,8,MMG
395,434,678,NAN,10,MMG
403,449,746,NAN,6,MMG
398,428,NAN,NAN,7,MMG
383,430,723,NAN,8,MMG
421,477,806,NAN,2,MMG
408,442,817,NAN,2,MMG
397,430,810,NAN,2,MMG
411,441,731,NAN,1,MMG
395,434,678,NAN,10,MMG
394,437,707,NAN,10,MMG
379,430,717,NAN,1,MMG
373,439,636,NAN,10,MMG
373,428,628,NAN,10,MMG
403,474,703,NAN,4,MMG
403,469,773,NAN,3.5,MMG
384,437,625,NAN,10,MMG
395,427,702,NAN,2,MMG
436,487,813,NAN,0.5,MMG
391,406,731,NAN,3,MMG
383,412,706,NAN,8,MMG
393,431,717,NAN,3,MMG
375,412,640,NAN,10,MMG
401,450,755,NAN,NAN,MMG
411,441,731,NAN,NAN,MMG
392,421,828,NAN,2,MMG
399,441,654,NAN,10,MMG
403,474,703,NAN,NAN,MMG
403,469,774,NAN,NAN,MMG
397,430,689,NAN,NAN,MMG
379,430,717,NAN,1,MMG
373,439,NAN,NAN,10,MMG
393,437,NAN,NAN,1,MMG
395,427,702,NAN,2,MMG
416.2,456.2,762,NAN,3.5,MMG
392.2,448.2,NAN,NAN,9,MMG
416,456,762,NAN,3.5,MMG
489,521,NAN,NAN,2,MMG
493,528,NAN,NAN,2,MMG
493,520,NAN,NAN,3,MMG
488,515,NAN,NAN,3,MMG
407,449,803,NAN,5,MMG
417,468,776,NAN,2,MMG
409,450,854,NAN,2.5,MMG
401,444,835,NAN,3,MMG
400,435,655,NAN,6,MMG
392,448,786,NAN,9,MMG
425,443,707,NAN,5,MMG
401,435,658,NAN,4,MMG
399,436,657,NAN,8,MMG
382,428,NAN,NAN,1,MMG
424,468,798,NAN,1,MMG
352,406,723,NAN,2,MMG
346,393,731,NAN,2,MMG
352,413,721,NAN,3,MMG
352,423,708,NAN,5,MMG
340,421,713,NAN,10,MMG
352,419,716,NAN,10,MMG
363,414,695,NAN,8,MMG
352,421,710,NAN,5,MMG
341,412,733,NAN,3,MMG
359,377,714,NAN,3,MMG
345,421,721,NAN,8,MMG
339,414,721,NAN,8,MMG
337,419,716,NAN,10,MMG
341,408,722,NAN,2,MMG
NAN,NAN,NAN,445,NAN,MMG
359,377,714,NAN,NAN,MMG
366,409,NAN,NAN,NAN,MMG
362,419,NAN,NAN,NAN,MMG
NAN,NAN,NAN,NAN,NAN,MMG
NAN,NAN,NAN,NAN,NAN,MMG
NAN,NAN,NAN,350000,NAN,MMG
NAN,NAN,NAN,NAN,NAN,MMG
856,887,1567,NAN,1,MMG
844,885,1570,NAN,1,MMG
834,886,1569,NAN,2,MMG
869,916,1548,NAN,1.5,MMG
883.0,1079,1467,NAN,NAN,CMA
878.0,1074,1468,NAN,NAN,CMA
853.0,1023,1439,NAN,NAN,CMA
847.0,987,1399,NAN,NAN,CMA
847.0,1016,1439,NAN,NAN,CMA
839.0,1006,1439,NAN,NAN,CMA
910,982,1526,NAN,NAN,MMG
910,982,1526,NAN,2,MMG
819,895,1417,NAN,2,MMG
819,895,1417,NAN,NAN,MMG
898.0,1098,1467,NAN,NAN,CMA
848,933,1394,NAN,10,MMG
872.0,1043,1436,NAN,NAN,CMA
872.0,1043,1436,NAN,NAN,CMA
865.0,1035,1436,NAN,NAN,CMA
849.0,1018,1439,NAN,NAN,CMA
828.0,972,1408,NAN,NAN,CMA
838.0,914,1310,NAN,NAN,CMA
882.0,1078,1466,NAN,NAN,CMA
883.0,1079,1467,NAN,NAN,CMA
872.0,1043,1436,NAN,NAN,CMA
893.0,1092,1466,NAN,NAN,CMA
867.0,1034,1432,NAN,NAN,CMA
803,843,1457,NAN,2,MMG
868.0,1040,1438,NAN,NAN,CMA
813.0,904,1335,NAN,NAN,CMA
839.0,1006,1439,NAN,NAN,CMA
847.0,987,1399,NAN,NAN,CMA
813,853,1445,NAN,2.5,MMG
823,865,1418,NAN,4,MMG
820,860,1430,NAN,3.5,MMG
874.0,1047,1438,NAN,NAN,CMA
870.0,1067,1472,NAN,NAN,CMA
887.0,1085,1468,NAN,NAN,CMA
865.0,1058,1468,NAN,NAN,CMA
858.0,991,1385,NAN,NAN,CMA
890.0,1091,1470,NAN,NAN,CMA
894.0,1094,1468,NAN,NAN,CMA
861.0,963,1342,NAN,NAN,CMA
793.0,878,1330,NAN,NAN,CMA
811,856,1379,NAN,NAN,MMG
890.0,1090,1469,NAN,NAN,CMA
800.83,838.28,NAN,NAN,NAN,MMG
843.6,900.01,NAN,NAN,NAN,MMG
830.0,987,1426,NAN,NAN,CMA
870.0,1040,1434,NAN,NAN,CMA
846.0,993,1409,NAN,NAN,CMA
829.0,973,1408,NAN,NAN,CMA
881.0,1077,1468,NAN,NAN,CMA
872.0,1043,1436,NAN,NAN,CMA
885.0,1083,1468,NAN,NAN,CMA
871.0,1043,1436,NAN,NAN,CMA
872.0,1046,1439,NAN,NAN,CMA
872.0,1044,1436,NAN,NAN,CMA
881.0,1079,1470,NAN,NAN,CMA
882.0,1080,1469,NAN,NAN,CMA
870.0,1041,1435,NAN,NAN,CMA
870.0,1041,1436,NAN,NAN,CMA
824.0,935,1362,NAN,NAN,CMA
871.0,1044,1439,NAN,NAN,CMA
883.0,1080,1469,NAN,NAN,CMA
843.0,1010,1439,NAN,NAN,CMA
872.0,1043,1436,NAN,NAN,CMA
872.0,1043,1436,NAN,NAN,CMA
872.0,1043,1436,NAN,NAN,CMA
872.0,1046,1439,NAN,NAN,CMA
872.0,1043,1436,NAN,NAN,CMA
872.0,1045,1439,NAN,NAN,CMA
815.0,906,1333,NAN,NAN,CMA
823.0,929,1355,NAN,NAN,CMA
823.0,929,1355,NAN,NAN,CMA
871.0,1043,1436,NAN,NAN,CMA
873.0,1048,1442,NAN,NAN,CMA
839.0,944,1349,NAN,NAN,CMA
846.0,1015,1439,NAN,NAN,CMA
872.0,1044,1436,NAN,NAN,CMA
846.0,1014,1439,NAN,NAN,CMA
848.0,1017,1439,NAN,NAN,CMA
872.0,1045,1439,NAN,NAN,CMA
828.15,863.77,NAN,NAN,NAN,MMG
851.29,871.24,NAN,NAN,NAN,MMG
887.0,1067,1445,NAN,NAN,CMA
839.0,1006,1438,NAN,NAN,CMA
891.0,1091,1469,NAN,NAN,CMA
894.0,1094,1468,NAN,NAN,CMA
895.0,1096,1469,NAN,NAN,CMA
887.0,1085,1468,NAN,NAN,CMA
867.0,1034,1432,NAN,NAN,CMA
865.0,1034,1434,NAN,NAN,CMA
832.0,994,1433,NAN,NAN,CMA
865.0,1059,1469,NAN,NAN,CMA
863.0,1032,1434,NAN,NAN,CMA
867.0,1035,1432,NAN,NAN,CMA
866.0,1033,1432,NAN,NAN,CMA
871.0,1043,1436,NAN,NAN,CMA
863.0,1057,1469,NAN,NAN,CMA
834.0,890,1280,NAN,NAN,CMA
830.0,975,1410,NAN,NAN,CMA
809.48,859.31,NAN,NAN,NAN,MMG
817.6,882.69,NAN,NAN,NAN,MMG
865.0,1059,1469,NAN,NAN,CMA
848.0,1017,1439,NAN,NAN,CMA
813.6,884.38,NAN,NAN,NAN,MMG
855.41,900.92,NAN,NAN,NAN,MMG
842.0,1001,1426,NAN,NAN,CMA
841.0,950,1356,NAN,NAN,CMA
840.0,944,1348,NAN,NAN,CMA
869.0,969,1337,NAN,NAN,CMA
812.0,914,1351,NAN,NAN,CMA
820.0,922,1349,NAN,NAN,CMA
820.0,925,1354,NAN,NAN,CMA
863.0,1057,1469,NAN,NAN,CMA
820.0,922,1349,NAN,NAN,CMA
866.0,1059,1469,NAN,NAN,CMA
818.08,855.15,NAN,NAN,NAN,MMG
803.39,879.72,NAN,NAN,NAN,MMG
839.04,897.45,NAN,NAN,NAN,MMG
824.64,895.41,NAN,NAN,NAN,MMG
798.2,846.26,NAN,NAN,NAN,MMG
818.14,872.62,NAN,NAN,NAN,MMG
834.0,1002,1441,NAN,NAN,CMA
844.0,1012,1439,NAN,NAN,CMA
873.0,1048,1439,NAN,NAN,CMA
898.0,1099,1469,NAN,NAN,CMA
897.0,1099,1470,NAN,NAN,CMA
869.0,1042,1439,NAN,NAN,CMA
898.0,1098,1467,NAN,NAN,CMA
845.0,984,1398,NAN,NAN,CMA
829.0,986,1427,NAN,NAN,CMA
973.0,1120,1435,NAN,NAN,CMA
918.0,1131,1479,NAN,NAN,CMA
884.0,1077,1462,NAN,NAN,CMA
898.0,1098,1467,NAN,NAN,CMA
827.0,904,1310,NAN,NAN,CMA
898.0,1099,1469,NAN,NAN,CMA
804.0,889,1326,NAN,NAN,CMA
797.0,841,1266,NAN,NAN,CMA
910.0,1123,1481,NAN,NAN,CMA
835.0,915,1314,NAN,NAN,CMA
934.0,1163,1494,NAN,NAN,CMA
821.0,923,1350,NAN,NAN,CMA
822.0,925,1351,NAN,NAN,CMA
821.0,906,1325,NAN,NAN,CMA
817.0,893,1312,NAN,NAN,CMA
831.0,894,1290,NAN,NAN,CMA
831.0,892,1289,NAN,NAN,CMA
835.0,904,1299,NAN,NAN,CMA
835.0,906,1301,NAN,NAN,CMA
805.0,893,1331,NAN,NAN,CMA
903.0,1105,1468,NAN,NAN,CMA
865.0,951,1319,NAN,NAN,CMA
814.0,856,1262,NAN,NAN,CMA
809.0,864,1281,NAN,NAN,CMA
944.0,1158,1471,NAN,NAN,CMA
820.0,923,1352,NAN,NAN,CMA
801.0,847,1270,NAN,NAN,CMA
776.0,820,1268,NAN,NAN,CMA
869.0,988,1364,NAN,NAN,CMA
820.0,909,1331,NAN,NAN,CMA
809.0,861,1278,NAN,NAN,CMA
866.0,982,1361,NAN,NAN,CMA
867.0,982,1359,NAN,NAN,CMA
809.0,861,1278,NAN,NAN,CMA
800.0,846,1270,NAN,NAN,CMA
856.0,965,1353,NAN,NAN,CMA
868.0,976,1349,NAN,NAN,CMA
802.0,849,1270,NAN,NAN,CMA
858.0,968,1353,NAN,NAN,CMA
867.0,958,1326,NAN,NAN,CMA
972.0,831,1258,NAN,NAN,CMA
860.0,967,1350,NAN,NAN,CMA
865.0,953,1322,NAN,NAN,CMA
820.0,889,1301,NAN,NAN,CMA
925.0,1133,1470,NAN,NAN,CMA
844.0,972,1381,NAN,NAN,CMA
794.0,832,1258,NAN,NAN,CMA
865.0,953,1321,NAN,NAN,CMA
848.0,1018,1441,NAN,NAN,CMA
939.0,1155,1476,NAN,NAN,CMA
910.0,1124,1483,NAN,NAN,CMA
797.0,834,1257,NAN,NAN,CMA
857.0,962,1347,NAN,NAN,CMA
859.0,951,1328,NAN,NAN,CMA
802.0,877,1312,NAN,NAN,CMA
797.0,834,1255,NAN,NAN,CMA
939.0,1155,1476,NAN,NAN,CMA
849.0,929,1313,NAN,NAN,CMA
791.0,828,1257,NAN,NAN,CMA
796.0,835,1259,NAN,NAN,CMA
796.0,831,1253,NAN,NAN,CMA
787.0,818,1248,NAN,NAN,CMA
844.0,931,1323,NAN,NAN,CMA
842.0,966,1377,NAN,NAN,CMA
939.0,1154,1475,NAN,NAN,CMA
811.0,904,1338,NAN,NAN,CMA
797.0,830,1249,NAN,NAN,CMA
849.0,928,1311,NAN,NAN,CMA
936.0,1172,1503,NAN,NAN,CMA
796.0,836,1259,NAN,NAN,CMA
941.0,1127,1438,NAN,NAN,CMA
872.0,1046,1441,NAN,NAN,CMA
942.0,1125,1432,NAN,NAN,CMA
784.0,817,1250,NAN,NAN,CMA
794.0,830,1256,NAN,NAN,CMA
797.0,830,1251,NAN,NAN,CMA
938.0,1149,1471,NAN,NAN,CMA
946.0,1175,1490,NAN,NAN,CMA
888.0,1088,1471,NAN,NAN,CMA
888.0,1089,1471,NAN,NAN,CMA
786.0,898,1370,NAN,NAN,CMA
920.0,1132,1477,NAN,NAN,CMA
868.0,976,1349,NAN,NAN,CMA
937.0,1172,1501,NAN,NAN,CMA
883,920,NAN,NAN,NAN,MMG
892,938,NAN,NAN,NAN,MMG
892,939,NAN,NAN,NAN,MMG
749.0,823,1318,NAN,NAN,CMA
886.0,1086,1470,NAN,NAN,CMA
827.0,875,1269,NAN,NAN,CMA
820.0,874,1279,NAN,NAN,CMA
853.0,955,1344,NAN,NAN,CMA
804.0,877,1309,NAN,NAN,CMA
830.0,884,1279,NAN,NAN,CMA
833.0,958,1381,NAN,NAN,CMA
922.0,1096,1426,NAN,NAN,CMA
774.0,808,1252,NAN,NAN,CMA
794.0,829,1254,NAN,NAN,CMA
854.0,962,1351,NAN,NAN,CMA
823.0,1150,1496,NAN,NAN,CMA
937.0,1121,1435,NAN,NAN,CMA
843.0,987,1405,NAN,NAN,CMA
736.0,800,1305,NAN,NAN,CMA
884.0,1086,1473,NAN,NAN,CMA
711.0,715,1207,NAN,NAN,CMA
801.0,925,1385,NAN,NAN,CMA
678,709,1149,NAN,NAN,CMA
685,732,1123,NAN,NAN,CMA
882.0,1080,1468,NAN,NAN,CMA
822.0,928,1355,NAN,NAN,CMA
853.0,1022,1439,NAN,NAN,CMA
872.0,1043,1436,NAN,NAN,CMA
843.0,948,1349,NAN,NAN,CMA
872.0,1045,1439,NAN,NAN,CMA
872.0,1046,1439,NAN,NAN,CMA
872.0,1043,1436,NAN,NAN,CMA
872.0,1046,1439,NAN,NAN,CMA
827.0,875,1270,NAN,NAN,CMA
828.0,973,1410,NAN,NAN,CMA
835.0,942,1353,NAN,NAN,CMA
811.0,902,1335,NAN,NAN,CMA
824.0,926,1348,NAN,NAN,CMA
872.0,1044,1436,NAN,NAN,CMA
822.0,928,1355,NAN,NAN,CMA
831.0,975,1408,NAN,NAN,CMA
796.0,834,1257,NAN,NAN,CMA
796.0,832,1255,NAN,NAN,CMA
796.0,836,1259,NAN,NAN,CMA
794.0,832,1258,NAN,NAN,CMA
941.0,1156,1474,NAN,NAN,CMA
852.0,932,1313,NAN,NAN,CMA
936.0,1117,1433,NAN,NAN,CMA
873.0,964,1325,NAN,NAN,CMA
875.0,1013,1389,NAN,NAN,CMA
808.0,837,1242,NAN,NAN,CMA
942.0,1125,1433,NAN,NAN,CMA
853.0,959,1349,NAN,NAN,CMA
942.0,1125,1434,NAN,NAN,CMA
795.0,900,1357,NAN,NAN,CMA
942.0,1125,1434,NAN,NAN,CMA
941.0,1124,1434,NAN,NAN,CMA
854.0,960,1350,NAN,NAN,CMA
938.0,1123,1437,NAN,NAN,CMA
935.0,1119,1437,NAN,NAN,CMA
937.0,1128,1445,NAN,NAN,CMA
869.0,975,1347,NAN,NAN,CMA
881.0,997,1358,NAN,NAN,CMA
889.0,1033,1394,NAN,NAN,CMA
891.0,1079,1453,NAN,NAN,CMA
943.0,1153,1468,NAN,NAN,CMA
945.0,1173,1490,NAN,NAN,CMA
NAN,NAN,NAN,NAN,NAN,MMG
NAN,NAN,NAN,250,NAN,MG
740,768,1191,NAN,NAN,MMG
712,755,1156,NAN,NAN,MMG
708,766,1186,NAN,5,MMG
705,781,1163,NAN,3,MMG
713,781,1205,NAN,10,MMG
736,779,1193,NAN,2,MMG
778,863,1249,NAN,10,MMG
677,745,1167,NAN,4,MMG
730,790,1177,NAN,4,MMG
717,767,1158,NAN,4,MMG
740,767,1211,NAN,4,MMG
681,743,1199,NAN,NAN,MMG
719,759,1146,NAN,NAN,MMG
683,756,1159,NAN,NAN,MMG
684,764,1156,NAN,NAN,MMG
685,757,1232,NAN,NAN,MMG
693,770,1143,NAN,8,MMG
624,740,1300,NAN,NAN,MMG
387,430,798,NAN,2.5,MMG
386,429,748,NAN,3.5,MMG
709,762,1199,NAN,NAN,MMG
710,752,1182,NAN,NAN,MMG
710,762,1234,NAN,NAN,MMG
775,869,1292,NAN,NAN,MMG
727,814,1192,NAN,NAN,MMG
768,869,1259,NAN,NAN,MMG
735,817,1205,NAN,NAN,MMG
726,756,1248,NAN,NAN,MMG
717,750,1204,NAN,NAN,MMG
730,761,1168,NAN,NAN,MMG
730,764,1178,NAN,NAN,MMG
730,762,1203,NAN,NAN,MMG
777,875,1295,NAN,NAN,MMG
757,867,1241,NAN,NAN,MMG
705,784,1174,NAN,NAN,MMG
670,714,1118,NAN,5,MMG
677,717,1152,NAN,5,MMG
665,743,1118,NAN,4,MMG
715,798,1139,NAN,6,MMG
709,738,1135,NAN,6,MMG
710,797,1125,NAN,8,MMG
698,790,1144,NAN,10,MMG
697,783,1147,NAN,9,MMG
708,786,1177,NAN,8,MMG
688,768,1151,NAN,7,MMG
704,748,1135,NAN,5,MMG
710,813,1126,NAN,12,MMG
779,833,1250,NAN,3,MMG
710,762,1234,NAN,12,MMG
732,755,1229,NAN,3,MMG
710,738,1188,NAN,4.5,MMG
691,737,1130,NAN,8,MMG
704,733,1149,NAN,3,MMG
656,707,1095,NAN,7,MMG
671,717,1160,NAN,3,MMG
715,756,1121,NAN,5,MMG
683,791,1142,NAN,25,MMG
692,795,1145,NAN,20,MMG
717,750,1204,NAN,2,MMG
733,777,1187,NAN,2,MMG
744,777,1218,NAN,1.5,MMG
688,754,1199,NAN,NAN,MMG
691,741,1189,NAN,NAN,MMG
703,748,1161,NAN,NAN,MMG
693,732,1174,NAN,NAN,MMG
698,737,1173,NAN,NAN,MMG
686,744,1215,NAN,NAN,MMG
670,771,1146,NAN,NAN,MMG
590,623,1389,NAN,NAN,MMG
595,640,1374,NAN,NAN,MMG
600,658,1360,NAN,NAN,MMG
606,677,1345,NAN,NAN,MMG
611,697,1330,NAN,NAN,MMG
618,718,1315,NAN,NAN,MMG
709,762,1199,NAN,1,MMG
745,785,1241,NAN,1,MMG
692,757,1234,NAN,NAN,MMG
699,753,1176,NAN,NAN,MMG
702,772,1166,NAN,NAN,MMG
704,733,1148,NAN,NAN,MMG
695,752,1198,NAN,NAN,MMG
624,758,1278,NAN,NAN,MMG
727,754,1251,NAN,1,MMG
688,766,1225,NAN,NAN,MMG
694,773,1239,NAN,NAN,MMG
694,726,1130,NAN,NAN,MMG
666,700,1166,NAN,NAN,MMG
687,717,1121,NAN,NAN,MMG
677,708,1125,NAN,NAN,MMG
677,706,1138,NAN,NAN,MMG
677,706,1138,NAN,NAN,MMG
700,780,1281,NAN,NAN,MMG
701,759,1208,NAN,NAN,MMG
621,729,1307,NAN,NAN,MMG
627,752,1293,NAN,NAN,MMG
677,706,1138,NAN,2,MMG
392,410,864,NAN,1.5,MMG
710,765,1273,NAN,3,MMG
690,769,1171,NAN,4,MMG
677,708,1125,NAN,3,MMG
687,717,1121,NAN,5,MMG
694,726,1130,NAN,4,MMG
730,815,1342,NAN,NAN,MMG
724,808,1327,NAN,NAN,MMG
718,801,1298,NAN,NAN,MMG
872.0,1043,1436,NAN,NAN,CMA
392,410,864,NAN,1.5,MMG
392,421,828,NAN,2,MMG
712,799,1275,NAN,2,MMG
698,783,1218,NAN,3,MMG
740,800,1256,NAN,3,MMG
720,797,1226,NAN,12,MMG
720,757,1157,NAN,4,MMG
700,764,1179,NAN,NAN,MMG
673,735,1202,NAN,NAN,MMG
680,725,1120,NAN,NAN,MMG
628,761,1081,NAN,NAN,MMG
635,767,1086,NAN,NAN,MMG
707,757,1122,NAN,5,MMG
397,426,735,NAN,3,MMG
391,420,851,NAN,2,MMG
689,732,1119,NAN,6,MMG
388,427,793,NAN,3,MMG
396,432,719,NAN,5,MMG
394,414,821,NAN,1.5,MMG
402,419,921,NAN,0.5,MMG
389,410,843,NAN,1.25,MMG
388,400,742,NAN,8,MMG
401,423,884,NAN,1,MMG
382,400,750,NAN,5,MMG
392,414,785,NAN,3,MMG
391,430,745,NAN,4,MMG
395,410,831,NAN,1.5,MMG
710,732,1265,NAN,0.5,MMG
388,400,742,NAN,NAN,MMG
401,423,884,NAN,1,MMG
391,406,731,NAN,NAN,MMG
395,410,831,NAN,1.5,MMG
706,746,1130,NAN,NAN,MMG
706,787,1297,NAN,NAN,MMG
738,817,1201,NAN,NAN,MMG
712,794,1301,NAN,NAN,MMG
710,738,1160,NAN,NAN,MMG
718,777,1167,NAN,NAN,MMG
440,472,774,NAN,2,MMG
745,783,1198,NAN,2.5,MMG
740,800,1256,NAN,3,MMG
747,789,1188,NAN,4,MMG
710,738,1160,NAN,5,MMG
730,776,1155,NAN,5,MMG
712,739,1187,NAN,NAN,MMG
712,739,1187,NAN,2,MMG
713,736,1172,NAN,5,MMG
728,762,1159,NAN,5,MMG
708,731,1228,NAN,1,MMG
638,689,1213,NAN,NAN,MMG
745,785,1190,NAN,4,MMG
746,792,1184,NAN,4,MMG
720,765,1140,NAN,6,MMG
737,798,1243,NAN,4,MMG
719,791,1214,NAN,10,MMG
720,797,1226,NAN,12,MMG
683,731,1141,NAN,6,MMG
683,730,1140,NAN,6,MMG
819.0,921,1349,NAN,NAN,CMA
828.0,972,1408,NAN,NAN,CMA
638,721,1227,NAN,NAN,MMG
636,698,1219,NAN,NAN,MMG
636,681,1200,NAN,NAN,MMG
737,798,1243,NAN,4,MMG
719,791,1214,NAN,10,MMG
685,720,1206,NAN,NAN,MMG
682,734,1141,NAN,7,MMG
842.0,934,1331,NAN,NAN,CMA
754,797,NAN,NAN,NAN,MMG
646,729,NAN,NAN,0.04,MG
NAN,NAN,NAN,NAN,NAN,MMG
NAN,NAN,NAN,NAN,NAN,MMG
NAN,NAN,NAN,NAN,1,MMG
722.0,734,1220,NAN,NAN,CMA
800.0,889,1334,NAN,NAN,CMA
813.0,936,1381,NAN,NAN,CMA
840.0,1007,1438,NAN,NAN,CMA
889.0,1087,1468,NAN,NAN,CMA
840.0,1006,1438,NAN,NAN,CMA
825.0,965,1404,NAN,NAN,CMA
829.0,987,1429,NAN,NAN,CMA
775.0,808,1251,NAN,NAN,CMA
802.0,844,1263,NAN,NAN,CMA
791.0,819,1243,NAN,NAN,CMA
782.0,811,1245,NAN,NAN,CMA
909.0,1079,1426,NAN,NAN,CMA
797.0,849,1279,NAN,NAN,CMA
702,771,1177,NAN,15,MMG
710,781,1186,NAN,22,MMG
713,784,1200,NAN,24,MMG
720,797,1203,NAN,15,MMG
710,784,1200,NAN,28.5,MMG
288,463,747,NAN,NAN,CMA
784.0,867,1327,NAN,NAN,CMA
635,708,1031,NAN,3,MMG
629,702,NAN,NAN,NAN,MMG
633,682,1031,NAN,NAN,MMG
631,675,1025,NAN,5,MMG
632,707,NAN,NAN,NAN,MMG
636,694,NAN,NAN,NAN,MMG
627,677,1023,NAN,3,MMG
622,671,1044,NAN,NAN,MMG
631,685,NAN,NAN,NAN,MMG
633,687,NAN,NAN,NAN,MMG
661,719,1071,NAN,12,MMG
663,722,1079,NAN,5,MMG
651,702,NAN,NAN,NAN,MMG
663,726,NAN,NAN,NAN,MG
651,702,NAN,NAN,NAN,MMG
NAN,NAN,NAN,NAN,2,MMG
623,663,NAN,NAN,NAN,MMG
645,690,NAN,NAN,NAN,MMG
698,732,1487,45000,0.326,MMG
898.4,948.6,1412.6,NAN,2,MMG
856,942,1419,NAN,2,MMG
647,728,NAN,NAN,NAN,MMG
694,726,1480,51000,0.312,MMG
831,870,1509,NAN,1.5,MMG
691,728,1505,68000,0.282,MMG
843,913,1533,NAN,NAN,MMG
819,865,1494,NAN,NAN,MMG
897,981,1497,NAN,NAN,MMG
880,925,1509,NAN,NAN,MMG
874,910,1503,NAN,NAN,MMG
874,971,1504,NAN,NAN,MMG
866,891,1469,NAN,NAN,MMG
867,970,1521,NAN,NAN,MMG
868,973,1505,NAN,NAN,MMG
872,907,1470,NAN,NAN,MMG
845,956,1423,NAN,NAN,MMG
882,970,1497,NAN,NAN,MMG
883,926,1507,NAN,NAN,MMG
884,927,1505,NAN,NAN,MMG
887,925,1509,NAN,NAN,MMG
892,964,1518,NAN,NAN,MMG
896,941,1414,NAN,NAN,MMG
898,944,1420,NAN,NAN,MMG
907,969,1508,NAN,NAN,MMG
908,958,1488,NAN,NAN,MMG
915,944,1488,NAN,NAN,MMG
920,941,1483,NAN,NAN,MMG
880,925,1485,NAN,NAN,MMG
902,960,1517,NAN,NAN,MMG
885,932,1503,NAN,NAN,MMG
881,924,1498,NAN,NAN,MMG
831,879,1391,NAN,NAN,MMG
836,899,1448,NAN,NAN,MMG
780,832,1258,NAN,2.5,MMG
753,789,NAN,NAN,NAN,MMG
841.5,914.3,1419.7,NAN,3,MMG
691,720,1472,58000,0.298,MMG
683,730,1446,18000,0.453,MMG
783,832,1444,490,1.633,MMG
874,971,1504,NAN,4,MMG
868,973,1505,NAN,4,MMG
897,981,1497,NAN,2,MMG
882,970,1497,NAN,3,MMG
867,970,1521,NAN,3,MMG
845,956,1423,NAN,3,MMG
847.6,931.8,1421.1,NAN,4,MMG
868.2,938.6,1411.9,NAN,3,MMG
856,917,1405,NAN,1,MMG
837.8,921.3,1410.7,NAN,4,MMG
866,891,1469,NAN,1,MMG
872,907,1470,NAN,1.5,MMG
874,910,1503,NAN,1.5,MMG
880,925,1509,NAN,2,MMG
883,926,1507,NAN,2,MMG
887,925,1509,NAN,2,MMG
896,941,1414,NAN,2,MMG
898,944,1420,NAN,2,MMG
829,876,NAN,NAN,2,MMG
882,927,1494,NAN,2.5,MMG
920,941,1483,NAN,3.5,MMG
915,944,1488,NAN,6.5,MMG
908,958,1488,NAN,6,MMG
907,969,1508,NAN,3.5,MMG
831,879,1391,NAN,2,MMG
884,927,1505,NAN,2.5,MMG
880,925,1485,NAN,2.5,MMG
881,924,1498,NAN,2.5,MMG
885,932,1503,NAN,2.5,MMG
842,880,1420,NAN,2,MMG
902,960,1517,NAN,2.5,MMG
NAN,NAN,NAN,NAN,2,MMG
NAN,NAN,1395,NAN,1,MMG
740,774,1263,NAN,1,MMG
789,843,1418,NAN,1.5,MMG
793,843,1343,NAN,2.5,MMG
744,788,NAN,NAN,0.02,MG
883.2,952.8,NAN,NAN,NAN,MMG
731,768,NAN,NAN,1,MMG
738,780,NAN,NAN,NAN,MMG
841,916,1446,NAN,NAN,MMG
850,883,1472,NAN,NAN,MMG
850,928,1432,NAN,NAN,MMG
850,924,1437,NAN,NAN,MMG
917.3,978.8,1415.4,NAN,4,MMG
914.5,973.7,1416,NAN,2,MMG
NAN,NAN,NAN,NAN,1,MMG
918,980,1411.5,NAN,4,MMG
790,858,1415,80,3.119,MMG
595,698,NAN,NAN,NAN,MMG
779,795,1292,NAN,1,MMG
850,924,1437,NAN,3.5,MMG
850,928,1432,NAN,4,MMG
841,916,1446,NAN,3,MMG
836,899,1448,NAN,2,MMG
855,918,1473,NAN,2,MMG
701,733,1257,NAN,3,MMG
716,753,1263,NAN,2.5,MMG
744,788,1245,NAN,4,MMG
835,885,1369,NAN,1.5,MMG
785,835,1429,320,1.893,MMG
NAN,NAN,1395,NAN,NAN,MMG
548,684,NAN,NAN,NAN,MMG
777,819,1423,NAN,3,MMG
NAN,NAN,1331,NAN,1,MMG
814,887,NAN,NAN,NAN,MMG
843,903,NAN,NAN,1,MMG
783,821,NAN,NAN,NAN,MMG
800,853,1433,NAN,2,MMG
806,858,1436,NAN,1.5,MMG
809,864,1475,NAN,2,MMG
721,757,1267,NAN,2.5,MMG
737,786,NAN,NAN,NAN,MMG
733,782,NAN,NAN,NAN,MMG
821,868,1477,NAN,2,MMG
823,868,1496,NAN,2,MMG
880,957,1406,NAN,2,MMG
854,945,1400,NAN,3,MMG
853,942,1401,NAN,2,MMG
848,923,1396,NAN,2,MMG
809,864,1475,NAN,2,MMG
732,785,NAN,NAN,1,MMG
758,799,1265,NAN,3,MMG
742,780,1270,NAN,1.5,MMG
743,798,NAN,NAN,NAN,MMG
750,793,1250,NAN,3.5,MMG
742,783,1264,NAN,2.5,MMG
870.0,1043,1438,NAN,NAN,CMA
891.0,1090,1468,NAN,NAN,CMA
822.0,924,1348,NAN,NAN,CMA
822.0,924,1348,NAN,NAN,CMA
861,901,1543,NAN,NAN,MMG
823,868,1496,NAN,NAN,MMG
821,868,1477,NAN,NAN,MMG
829,874,1483,NAN,1.5,MMG
853,942,1401,NAN,2,MMG
738,798,1230,NAN,2.5,MMG
793,829,1416,NAN,6,MMG
711,749,1255,NAN,3,MMG
753,810,NAN,NAN,0.02,MG
780,834,NAN,NAN,1.2,MMG
812,870,1425,NAN,1,MMG
783,832,1413,NAN,3.5,MMG
785,835,1408,NAN,3,MMG
777,817,1418,NAN,3,MMG
752,799,1226,NAN,4,MMG
856,914,NAN,NAN,NAN,MMG
862,915,1389,NAN,1.2,MMG
870,932,1414,NAN,1.2,MMG
887,947,1405,NAN,1.2,MMG
718,753,NAN,NAN,NAN,MMG
NAN,NAN,NAN,NAN,1.6,MMG
756,820,1288,NAN,2.5,MMG
709,833,1222,NAN,NAN,MMG
872.0,1043,1436,NAN,NAN,CMA
871.0,1066,1469,NAN,NAN,CMA
905,916,1490,NAN,NAN,MMG
839,886,1464,NAN,NAN,MMG
782,801,1290,NAN,2,MMG
781,794,1282,NAN,3,MMG
784,800,1283,NAN,3,MMG
NAN,NAN,NAN,NAN,2.5,MMG
NAN,NAN,NAN,NAN,1,MMG
810,890,NAN,NAN,2.7,MMG
727,775,NAN,NAN,2,MMG
825,877,1507,NAN,2,MMG
816,857,1453,NAN,1.5,MMG
NAN,NAN,NAN,NAN,3,MMG
NAN,NAN,NAN,NAN,1.2,MMG
867,919,1469,NAN,0.75,MMG
815,858,1455,NAN,0.5,MMG
858,922,1397,NAN,2,MMG
864,957,1393,NAN,7,MMG
877,937,1482,NAN,NAN,MMG
889,939,1481,NAN,NAN,MMG
735,775,NAN,NAN,2,MMG
750,798,NAN,NAN,2.5,MMG
828,912,NAN,NAN,NAN,MMG
828,912,NAN,NAN,NAN,MMG
888,933,NAN,NAN,NAN,MMG
864,947,1393,NAN,3,MMG
914,946,1393,NAN,1,MMG
747,791,1299,NAN,2.5,MMG
710,744,1266,NAN,3,MMG
904.6,961.4,1490.2,NAN,5,MMG
843,893,1443,NAN,4,MMG
828,853,NAN,NAN,NAN,MMG
732,785,NAN,NAN,2,MMG
839,886,1464,NAN,7,MMG
820,870,1397,NAN,5,MMG
779,795,1292,NAN,1,MMG
719,757,1305,NAN,1,MMG
729,777,1296,NAN,2,MMG
724,766,1305,NAN,1,MMG
879,943,1480,NAN,NAN,MMG
874,935,1460,NAN,NAN,MMG
735,778,1277,NAN,2.5,MMG
NAN,NAN,NAN,NAN,2.2,MMG
729,775,1288,NAN,2.5,MMG
808,NAN,1453,NAN,6,MMG
789,846,1423,NAN,2.5,MMG
779,821,1413,NAN,3,MMG
870.0,1040,1434,NAN,NAN,CMA
852,885,1458,NAN,NAN,MMG
883.0,1081,1468,NAN,NAN,CMA
830,852,1505,NAN,NAN,MMG
821,879,1510,NAN,NAN,MMG
734,775,1233,NAN,3,MMG
744,788,1221,NAN,6,MMG
736,778,1220,NAN,5,MMG
792,851,1418,NAN,2,MMG
853,NAN,1483,NAN,5,MMG
858,NAN,1523,NAN,4,MMG
861,914,1468,NAN,4,MMG
857,901,1463,NAN,6,MMG
849,891,1463,NAN,4,MMG
848,887,1461,NAN,4,MMG
841,883,1498,NAN,3,MMG
843,NAN,1453,NAN,9,MMG
867,919,1469,NAN,0.75,MMG
NAN,NAN,NAN,NAN,1,MMG
NAN,NAN,NAN,NAN,2.2,MMG
815,858,NAN,NAN,0.5,MMG
812,870,NAN,NAN,1,MMG
NAN,885,NAN,NAN,1.5,MMG
899.5,955.6,1495,NAN,5,MMG
901.1,958.9,1490,NAN,5,MMG
832,877,1460,NAN,2,MMG
854,945,1400,NAN,3,MMG
848,923,1396,NAN,2,MMG
844,914,1440,NAN,2.5,MMG
853,906,NAN,NAN,NAN,MMG
852,903,NAN,NAN,NAN,MMG
730,785,NAN,NAN,NAN,MMG
NAN,NAN,NAN,NAN,5,MMG
888.0,1086,1468,NAN,0,CMA
891,950,NAN,NAN,1.5,MMG
897,964,1460,NAN,NAN,MMG
867,919,1439,NAN,NAN,MMG
844,880,1446,27.8,8,MMG
740,790,1276,NAN,1.5,MMG
744,801,1283,NAN,2,MMG
835,880,1475,NAN,1.5,MMG
843,893,1443,NAN,12,MMG
738,788,1277,NAN,4,MMG
NAN,NAN,NAN,NAN,2,MMG
833,903,1436,NAN,,MMG
738,798,NAN,NAN,2.5,MMG
880,957,1406,NAN,2,MMG
815,859,NAN,NAN,4,MMG
821,879,1510,NAN,2.5,MMG
899.5,955.6,1495.7,NAN,5,MMG
901.1,958.9,1490.1,NAN,5,MMG
881,949,1430,NAN,,MMG
754,797,NAN,NAN,3,MMG
NAN,NAN,NAN,NAN,3,MMG
NAN,NAN,NAN,NAN,4,MMG
NAN,NAN,NAN,NAN,4,MMG
NAN,NAN,NAN,NAN,1,MMG
815,858,1455,NAN,0.5,MMG
812,870,1424,NAN,1,MMG
835,885,1374,NAN,1.5,MMG
862,914,NAN,NAN,10,MMG
NAN,NAN,NAN,NAN,2,MMG
793,845,1423,NAN,2,MMG
885.0,1082,1468,NAN,NAN,CMA
882.0,1077,1466,NAN,NAN,CMA
885.0,1082,1466,NAN,NAN,CMA
829.0,965,1397,NAN,NAN,CMA
879.0,1075,1468,NAN,NAN,CMA
846.0,987,1399,NAN,NAN,CMA
867.0,1038,1436,NAN,NAN,CMA
870.0,1040,1434,NAN,NAN,CMA
858,893,1485,NAN,NAN,MMG
858,920,1503,NAN,NAN,MMG
773,853,NAN,NAN,3,MMG
681,723,NAN,NAN,1.2,MMG
NAN,NAN,NAN,NAN,1,MMG
803,859,1441,NAN,3,MMG
935,995,1396,NAN,3.5,MMG
775,838,1392,NAN,2,MMG
776,838,1374,NAN,1.5,MMG
771,808,NAN,NAN,1,MMG
767,807,NAN,NAN,1.5,MMG
835,872,1442,NAN,9,MMG
834,880,1446,NAN,8,MMG
838,888,1466,NAN,10,MMG
838,876,1437,NAN,16,MMG
898,943,NAN,NAN,1.5,MMG
868,900,NAN,NAN,NAN,MMG
NAN,NAN,NAN,NAN,2,MMG
NAN,NAN,NAN,NAN,2,MMG
789,883,1438,NAN,NAN,MMG
839,862,1496,NAN,NAN,MMG
881,918,1518,NAN,NAN,MMG
847,883,1461,NAN,NAN,MMG
848,873,1483,NAN,NAN,MMG
840,865,1492,NAN,NAN,MMG
840,872,1486,NAN,NAN,MMG
854,887,1467,NAN,NAN,MMG
856,913,1500,NAN,NAN,MMG
870.0,1041,1436,NAN,NAN,CMA
831.0,975,1408,NAN,NAN,CMA
831.0,997,1439,NAN,NAN,CMA
839.0,1006,1439,NAN,NAN,CMA
834,880,1446,NAN,NAN,MMG
835,872,1442,NAN,NAN,MMG
838,875,1436,NAN,NAN,MMG
838,888,1466,NAN,NAN,MMG
825,875,1407,NAN,4,MMG
828,878,1413,NAN,3.5,MMG
830,880,1431,NAN,2.5,MMG
793,832,1401,NAN,8,MMG
855,881,1419,NAN,2,MMG
855,903,1416,NAN,2,MMG
836,882,1459,NAN,1,MMG
860,940,1422,NAN,3,MMG
905,933,1424,NAN,3,MMG
952,1012,1411,NAN,3,MMG
745,806,1322,NAN,3,MMG
959,1019,1438,NAN,2,MMG
859,915,1416,NAN,4,MMG
869,969,1397,NAN,3.5,MMG
NAN,NAN,NAN,NAN,2.5,MMG
NAN,NAN,NAN,NAN,2.5,MMG
750,805,1255,NAN,3,MMG
713,747,NAN,NAN,5,MMG
NAN,NAN,NAN,NAN,4,MMG
760,NAN,NAN,NAN,0.5,MMG
NAN,NAN,NAN,NAN,3,MMG
731,786,NAN,NAN,NAN,MMG
719,776,NAN,NAN,NAN,MMG
NAN,NAN,NAN,NAN,4,MMG
NAN,NAN,NAN,NAN,3,MMG
NAN,NAN,NAN,NAN,2,MMG
NAN,NAN,NAN,NAN,2,MMG
862,914,NAN,NAN,10,MMG
776,830,1398,NAN,3.5,MMG
767,809,1415,NAN,1.5,MMG
748,807,NAN,NAN,NAN,MMG
698,739,1335,NAN,3,MMG
733,823,NAN,NAN,3,MMG
768,853,NAN,NAN,3,MMG
782,801,1290,NAN,2,MMG
784,800,1283,NAN,3,MMG
781,794,1282,NAN,3,MMG
811,856,1379,NAN,1.5,MMG
743,833,NAN,NAN,3,MMG
808.0,844,1253,NAN,0,CMA
815,845,NAN,NAN,1.5,MMG
703,754,1341,NAN,NAN,MMG
831,912,1365,NAN,2,MMG
847,927,1366,NAN,2,MMG
845,929,1367,NAN,2,MMG
852,944,1370,NAN,3,MMG
860,945,1385,NAN,2,MMG
860,940,1422,NAN,3,MMG
844,914,1440,NAN,2.5,MMG
836,882,1459,NAN,1,MMG
959,1019,1438,NAN,2,MMG
952,1012,1411,NAN,3,MMG
935,995,1396,NAN,3.5,MMG
869,969,1397,NAN,3.5,MMG
NAN,NAN,NAN,NAN,1.2,MMG
720,760,1253,NAN,NAN,MMG
710,759,1290,NAN,NAN,MMG
865.0,1039,1441,NAN,NAN,CMA
705,756,1323,NAN,2,MMG
845,929,1367,NAN,2,MMG
790,845,1403,NAN,4,MMG
778,844,1383,NAN,3,MMG
779,846,1393,NAN,4,MMG
878,965,1393,NAN,NAN,MMG
75,761,1276,NAN,NAN,MMG
706,755,1335,NAN,NAN,MMG
847,927,1366,NAN,2,MMG
860,945,1385,NAN,2,MMG
831,912,1365,NAN,2,MMG
852,944,1370,NAN,3,MMG
846.0,993,1409,NAN,NAN,CMA
846.0,1015,1439,NAN,NAN,CMA
849.0,1018,1439,NAN,NAN,CMA
849.0,1018,1439,NAN,NAN,CMA
872.0,1045,1439,NAN,NAN,CMA
871.0,1044,1439,NAN,NAN,CMA
828.0,972,1408,NAN,NAN,CMA
782,806,1234,NAN,3,MMG
684,708,NAN,NAN,2,MMG
722,784,1350,NAN,2,MMG
734,803,1396,NAN,1.5,MMG
746,797,1475,NAN,1,MMG
769,825,NAN,NAN,2,MMG
855,900,1335,NAN,NAN,MMG
758,810,1323,NAN,NAN,MMG
816,867,NAN,NAN,2,MMG
832,877,1460,NAN,2,MMG
830,880,1431,NAN,2.5,MMG
828,878,1413,NAN,3.5,MMG
820,870,1397,NAN,5,MMG
825,875,1407,NAN,4,MMG
886,964,1443,NAN,NAN,MMG
853,923,1423,NAN,NAN,MMG
868,946,1400,NAN,NAN,MMG
864,942,1413,NAN,NAN,MMG
886,971,1413,NAN,NAN,MMG
722,NAN,NAN,NAN,16,MMG
NAN,NAN,NAN,NAN,16,MMG
NAN,842,1380,NAN,2.5,MMG
777,844,1395,NAN,3,MMG
779,843,1399,NAN,3,MMG
782,838,1394,NAN,4,MMG
781,807,1446,NAN,1,MMG
752,852,1489,NAN,1,MMG
800,829.89,1400.66,NAN,1.5,MMG
794.83,825.53,1406.48,NAN,1.5,MMG
796.92,825.49,1415.78,NAN,1,MMG
800.66,871,1424,NAN,4,MMG
813,849,1417,NAN,3,MMG
805,846,1419,NAN,2,MMG
802,831,1346,NAN,2.5,MMG
785,842,1403,NAN,2,MMG
781,885,1436,NAN,NAN,MMG
825,874,1474,NAN,3.5,MMG
831,840,1438,NAN,0,CMA
1007,721,NAN,NAN,2.2,MMG
692,874,1481,NAN,3,MMG
833,835,1316,NAN,4,MMG
795,871,1462,NAN,4,MMG
827,873,1469,NAN,4,MMG
830,890,NAN,NAN,2.5,MMG
835,NAN,NAN,NAN,2,MMG
792,865,NAN,NAN,4,MMG
800,878,NAN,NAN,4,MMG
813,870,1452,NAN,NAN,MMG
794,825,1227,NAN,6,MMG
796,832,1222,NAN,4,MMG
803,882,1435,NAN,NAN,MMG
818,871,1462,NAN,4,MMG
827,873,1469,NAN,4,MMG
830,874,1474,NAN,3.5,MMG
831,874,1481,NAN,3,MMG
833,NAN,1411,NAN,12,MMG
804,712,NAN,NAN,2,MMG
686,759,NAN,NAN,1.5,MMG
720,745,NAN,NAN,2,MMG
705,813,NAN,NAN,2.8,MMG
788,805,NAN,NAN,2.5,MMG
786,803,NAN,NAN,2.4,MMG
784,800,NAN,NAN,2,MMG
783,796,NAN,NAN,2,MMG
782,749,NAN,NAN,1,MMG
702,730,NAN,NAN,1,MMG
674,828,NAN,NAN,2,MMG
781,NAN,NAN,NAN,2.5,MMG
673,802,NAN,NAN,NAN,MMG
748,848,1390,NAN,NAN,MMG
841.0,982,1439,NAN,NAN,CMA
796.0,1009,1260,NAN,NAN,CMA
836,860,1391,NAN,NAN,CMA
874.0,997,1410,NAN,NAN,CMA
821.0,1027,1311,NAN,NAN,CMA
797.0,897,1252,NAN,NAN,CMA
828.0,832,1438,NAN,NAN,CMA
829.0,892,1438,NAN,NAN,CMA
994,711,NAN,NAN,NAN,CMA
677.0,686,1240,NAN,1,NAN
653,823,NAN,NAN,NAN,MMG
NAN,775,1293,NAN,NAN,NAN
835,833,NAN,NAN,5.5,CMA
768,803,1300,NAN,NAN,MMG
871,805,NAN,NAN,4.5,CMA
765,800,NAN,NAN,4,MMG
762,918,1412,NAN,NAN,MMG
800.0,1080,1258,NAN,NAN,CMA
837.0,838,1370,NAN,NAN,CMA
892.0,955,1434,NAN,NAN,CMA
801.0,1066,1263,NAN,NAN,CMA
773.0,843,1266,NAN,NAN,CMA
802.0,815,1288,NAN,NAN,CMA
861,916,1446,NAN,NAN,CMA
776.0,1104,1286,NAN,NAN,CMA
783.0,832,1310,NAN,NAN,CMA
783.0,855,1302,NAN,NAN,CMA
466.0,762,849,NAN,NAN,CMA
296,875,1396,NAN,NAN,CMA
1018,NAN,NAN,NAN,NAN,CMA
NAN,NAN,NAN,NAN,NAN,MMG
NAN,NAN,NAN,350000,NAN,MG
NAN,NAN,NAN,180000,NAN,MG
NAN,NAN,NAN,28000,NAN,MG
NAN,NAN,NAN,NAN,NAN,MMG
NAN,831,1340,NAN,2.5,MMG
657.0,783,971,NAN,2,MMG
585,658,NAN,NAN,NAN,MMG
603,669,1005,NAN,1,MMG
629,641,1004,1000000000,NAN,MG
602,620,984,NAN,NAN,MG
602,650,1042,NAN,2.5,MG
605,668,1057,NAN,5.5,MMG
602,679,1126,NAN,8,MMG
606,679,1152,NAN,3.5,MMG
615,675,1242,NAN,1.5,MMG
629,590,NAN,NAN,10,CMG
NAN,658,NAN,NAN,NAN,MMG
602,648,1006,NAN,4,MMG
603,617,952,NAN,5,MMG
572,629,NAN,NAN,NAN,MMG
562.5,654,NAN,NAN,NAN,MMG
604,672,NAN,NAN,NAN,MMG
606,678,NAN,NAN,NAN,MMG
599,680,NAN,NAN,NAN,MMG
602,667,NAN,NAN,NAN,MMG
604,662,NAN,NAN,1,MMG
626,679,NAN,NAN,NAN,MMG
604,653,995,NAN,NAN,MMG
598,603,955,NAN,2,MMG
553,659,NAN,NAN,NAN,MMG
612,669,NAN,NAN,NAN,MMG
627,675,NAN,NAN,NAN,MMG
633,659,NAN,NAN,0.04,MMG
612,669,NAN,NAN,0.04,MMG
627,675,NAN,NAN,0.04,MMG
633,638,1064,NAN,10,MMG
586,685,NAN,NAN,NAN,MMG
604,684,NAN,NAN,NAN,MMG
604,664,1058,NAN,0.02,MMG
625.2,664,1035,NAN,0.02,MG
633.3,664,NAN,NAN,NAN,MG
628,666,NAN,NAN,1,MMG
628,665,NAN,NAN,1,MMG
626,664,1049,NAN,0.02,MMG
631.7,665,1074,NAN,0.02,MG
627.8,604,NAN,NAN,NAN,MG
575,607,NAN,NAN,1,MMG
582,626,NAN,NAN,1,MMG
594,652,1053,NAN,1.5,MMG
610,637,1065,NAN,10,MMG
588,624,1155,NAN,10,MMG
590,622,1162,NAN,10,MMG
592,703,NAN,NAN,NAN,MMG
632,677,NAN,NAN,NAN,MMG
618,691,NAN,NAN,NAN,MMG
633,683,NAN,NAN,NAN,MMG
625,668,NAN,NAN,NAN,MMG
614,694,1061,NAN,6,MMG
624,697,1133,NAN,5,MMG
629,694,1147,NAN,3,MMG
636,695,1186,NAN,1,MMG
640,682,1049,NAN,8.5,MMG
618,636,NAN,NAN,NAN,MMG
597,706,NAN,NAN,NAN,MMG
649,707,1055,NAN,3,MMG
649,708,NAN,NAN,NAN,MMG
642,652,NAN,NAN,NAN,MMG
612,721,NAN,NAN,NAN,MMG
658,719,NAN,NAN,NAN,MMG
658,708,NAN,NAN,NAN,MMG
648,NAN,NAN,NAN,NAN,MMG
NAN,NAN,NAN,NAN,NAN,MMG
NAN,NAN,NAN,NAN,NAN,MMG
NAN,763,1427,NAN,0.04,MMG
735,772,1424,NAN,NAN,MG
735,783,1421,NAN,NAN,MG
719,782,1393,NAN,NAN,MG
713,873,1285,NAN,NAN,MG
784,NAN,NAN,NAN,NAN,MMG
NAN,860,NAN,NAN,4,MMG
780,824,NAN,NAN,NAN,MMG
749,822,1419,NAN,NAN,MG
780.0,787,1442,NAN,NAN,MMG
703.0,739,1026,NAN,NAN,MMG
593,758,1304,NAN,NAN,MMG
824,872,1344,NAN,NAN,CMA
777,875,1278,NAN,10,MMG
790,874,1280,NAN,10,MMG
785,875,1278,NAN,10,MMG
790,874,1280,NAN,10,MMG
785,872,1344,NAN,8,MMG
777,872,NAN,NAN,8,MMG
763,NAN,NAN,NAN,NAN,MG
NAN,826,NAN,NAN,2,MMG
768,NAN,NAN,NAN,NAN,MMG
NAN,810,NAN,NAN,NAN,MMG
748,804,NAN,NAN,NAN,MG
771,851,NAN,NAN,NAN,MG
800,848,NAN,NAN,7,MG
787,715,NAN,NAN,2,MMG
683,823,NAN,NAN,NAN,MMG
775,825,NAN,NAN,NAN,MG
779,689.5,NAN,NAN,4,MG
641.3,701.1,NAN,NAN,4,MMG
649.4,813,NAN,NAN,NAN,MMG
783,743,NAN,NAN,2,MG
698,764,NAN,NAN,2,MMG
714,786,NAN,NAN,2,MMG
733,792,NAN,NAN,2,MMG
740,827,NAN,NAN,NAN,MMG
751,828,1326,NAN,NAN,MG
834.0,915,1316,NAN,NAN,CMA
831.0,915,1291,NAN,NAN,CMA
813.0,894,1304,NAN,NAN,CMA
837.0,883,1233,NAN,NAN,CMA
838.0,860,1329,NAN,NAN,CMA
813.0,928,1301,NAN,NAN,CMA
753.0,881,1329,NAN,NAN,CMA
815.0,834,1263,NAN,NAN,CMA
857,879,1394,NAN,NAN,CMA
842.0,1021,1241,NAN,NAN,CMA
840.0,871,1304,NAN,NAN,CMA
820.0,913,1278,NAN,NAN,CMA
825.0,874,1229,NAN,NAN,CMA
825.0,845,1229,NAN,NAN,CMA
845,846,1363,NAN,NAN,CMA
874.0,961,1401,NAN,NAN,CMA
881.0,1021,1396,NAN,NAN,CMA
855.0,1026,1280,NAN,NAN,CMA
825.0,912,1225,NAN,NAN,CMA
825.0,842,1225,NAN,NAN,CMA
842,877,1386,NAN,NAN,CMA
877.0,1013,1386,NAN,NAN,CMA
809.0,1013,1220,NAN,NAN,CMA
822,839,1340,NAN,NAN,CMA
933.0,936,1466,NAN,NAN,CMA
798.0,1139,1200,NAN,NAN,CMA
799,1223,NAN,NAN,NAN,CMA
496.2,898.5,1112,NAN,3,NAN
445.6,457.3,725.2,7.26101,2,MMG
391.6,548.8,929.9,3.86101,3,NAN
449.0,484.5,734,6.86101,NAN,MMG
401,449,731,NAN,NAN,MMG
395,449,734,NAN,5,MMG
455.9,555.1,941.3,NAN,3,MMG
449.0,490.8,731,NAN,2,MMG
395,489,756,NAN,NAN,MMG
431.0,448,724,NAN,1,MMG
405,429,763,NAN,0.5,MMG
404,529,878,NAN,NAN,MMG
459,552,899,NAN,NAN,MMG
472,518,759,NAN,NAN,MMG
469,503,859,NAN,NAN,MMG
452,503,823,NAN,NAN,MMG
429,515,752,NAN,NAN,MMG
467,503,860,NAN,3,MMG
452,458,716,NAN,NAN,MMG
380,458,716,NAN,NAN,MMG
380,481,759,NAN,NAN,MMG
401,455,722,NAN,NAN,MMG
401,456,729,NAN,NAN,MMG
404,456,730,NAN,NAN,MMG
405,458,739,NAN,NAN,MMG
406,457,736,NAN,NAN,MMG
406,458,744,NAN,NAN,MMG
407,481,774,NAN,NAN,MMG
410,458,716,NAN,5,MMG
380,481,759,NAN,5,MMG
401,455,722,NAN,5,MMG
401,456,730,NAN,5,MMG
405,458,739,NAN,5,MMG
406,457,736,NAN,5,MMG
406,456,729,NAN,8,MMG
404,458,744,NAN,5,MMG
407,503,823,NAN,4,MMG
429,452,744,NAN,12,MMG
423,547,835,NAN,5,MMG
446.0,467,738,22.5,10,MMG
417,456,729,NAN,8,MMG
404,513,1104,NAN,NAN,MMG
465,483,787,NAN,2,MMG
416,557,835,NAN,NAN,MMG
467,483,787,NAN,NAN,MMG
416,446,770,NAN,NAN,MMG
421,431,674,NAN,1.5,MMG
405,449,728,NAN,NAN,MMG
413,426,743,NAN,1,MMG
400,498,852,NAN,NAN,MMG
425,498,852,NAN,NAN,MMG
425,482,747,NAN,NAN,MMG
426,498,852,NAN,3,MMG
425,431,740,NAN,NAN,MMG
402,463,737,NAN,NAN,MMG
404,472,721,NAN,NAN,MMG
389,472,722,NAN,NAN,MMG
389,472,721,NAN,6,MMG
389,440,719,NAN,10,MMG
386,541,822,NAN,9,MMG
397,418,759,NAN,0.5,MMG
465.2,541.8,822.5,NAN,9,MMG
386,431,712,NAN,10,MMG
403,451,712,NAN,10,MMG
387,421,710,NAN,10,MMG
433,480,817,NAN,NAN,MMG
428,463,778,NAN,NAN,MMG
421,489,774,NAN,5,MMG
416,436,778,NAN,9,MMG
425,448,789,NAN,12,MMG
427,453,776,NAN,15,MMG
437,467,835,NAN,20,MMG
437,472,850,NAN,25,MMG
439,476,869,NAN,12,MMG
410,453,712,NAN,11,MMG
390,445,713,NAN,NAN,MMG
397,474,700,NAN,NAN,MMG
390,445,713,NAN,6,MMG
416,471,739,NAN,10,MMG
429,471,698,NAN,16,MMG
397,474,700,NAN,9,MMG
416,475,750,NAN,8,MMG
424,472,767,NAN,10,MMG
413,467,718,NAN,12,MMG
406,455,709,NAN,10,MMG
414,465,734,NAN,8,MMG
426,491,881,NAN,2,MMG
433,492,823,NAN,2,MMG
406,442,706,NAN,5,MMG
422,460,728,NAN,NAN,MMG
435,461,926,NAN,NAN,MMG
408,448,709,NAN,10,MMG
425,499,790,NAN,8,MMG
413,459,729,NAN,10.5,MMG
393,473,712,NAN,NAN,MMG
391,464,711,NAN,NAN,MMG
393,473,712,NAN,8,MMG
391,464,711,NAN,7,MMG
412,472,713,NAN,16,MMG
415,477,708,NAN,16,MMG
418,491,703,NAN,20,MMG
412,472,713,NAN,20,MMG
477,540,771,NAN,5,MMG
387,447,NAN,NAN,NAN,MMG
445,531,826,NAN,NAN,MMG
467,541,868,NAN,NAN,MMG
430,NAN,NAN,35.9,NAN,MMG
437,492,NAN,34.5,0.07,MMG
419,465,729,NAN,NAN,MMG
422,460,NAN,NAN,11,MMG
414,NAN,NAN,NAN,NAN,MMG
698,775,1136,NAN,5,MMG
359,378,651,NAN,NAN,MMG
339,399,679,NAN,NAN,MG
359,399,671,NAN,NAN,MG
393,414,715,NAN,NAN,MG
401,424,679,NAN,NAN,MG
339,399,669,NAN,NAN,MG
348,412,696,NAN,NAN,MG
348,417,713,NAN,NAN,MG
351,423,739,NAN,NAN,MG
413,435,NAN,NAN,NAN,MG
413,433,NAN,NAN,NAN,MG
418,439,NAN,NAN,NAN,MG
413,425,633,NAN,NAN,MG
407,441,NAN,NAN,NAN,MG
358,367,NAN,NAN,NAN,MG
336,356,671,NAN,2,MG
359,378,665,NAN,3.5,MG
367,NAN,NAN,NAN,NAN,MMG
365,378,653,NAN,4,MMG
474.0,480,803,NAN,NAN,MG
475,481.2,773.8,NAN,7,MMG
424,475,738,NAN,0.1,MMG
474,499,NAN,5.06101,9,NAN
458,474,803,NAN,0.35,MMG
451,485,851,NAN,0.2,MMG
454,480,812,NAN,0.5,MMG
449,499,831,NAN,2,MMG
455,482,799.1,NAN,3,MMG
449,481,800,NAN,1,MMG
447,478,797,NAN,0.5,MMG
453,475,791,NAN,0.4,MMG
451,510,841,NAN,1,MMG
456.3,479,796,NAN,0.5,MMG
455.5,498.4,799.1,NAN,3.5,MMG
464.6,471.8,881,NAN,0.6,MMG
469.4,485,815,3.06101,2.8,MMG
422,491.7,848.9,1.36103,1.5,MMG
413,483,737,4.66101,12,MMG
422,473,739,1.86102,7,MMG
422,480,766,NAN,3,MMG
418,492,750,1,3,MMG
420,481,755,NAN,4,MMG
424,480,762,NAN,4,MMG
413,482,769,NAN,4,MMG
417,446,784,NAN,1,MMG
423,473,751,NAN,1,MMG
378,456,744,NAN,1,MMG
383,429,703,NAN,NAN,MMG
410,453,723,NAN,NAN,MG
414,456,742,NAN,1.5,MG
416,450,739,NAN,1.5,MMG
412,446,729,NAN,2.5,MMG
417,441,739,NAN,1,MMG
419,459,746,NAN,1,MMG
419,458,729,NAN,2,MMG
421,450,737,NAN,1.5,MMG
421,457,757,NAN,2,MMG
423,454,784,NAN,1.5,MMG
415,450,788,NAN,1.5,MMG
413,453,1043,NAN,NAN,MMG
346.6,486,755,NAN,5,MMG
347.2,382.6,679.2,NAN,NAN,MMG
349.9,380.5,682.4,NAN,NAN,NAN
351.6,379.6,686.1,NAN,NAN,NAN
379.7,418,687.9,NAN,NAN,NAN
430,436,NAN,NAN,NAN,NAN
432,482,817,NAN,NAN,NAN
422,474,732,NAN,NAN,MMG
433,496,762,NAN,9,MMG
450,501,724,NAN,NAN,MMG
433,490,819,NAN,2.5,MMG
425,472,785,NAN,4,MMG
439.2,469,773,NAN,4,MMG
440.3,474.5,756.9,NAN,7,MMG
442.3,485,773.5,NAN,4,MMG
442.3,482.7,791.4,NAN,3,MMG
449.6,488.7,779.8,NAN,3.5,MMG
437.3,479.1,764.2,NAN,5,MMG
428,472.8,746.9,NAN,4,MMG
427,469,694,NAN,NAN,MMG
425,483,748,NAN,9,MMG
427,485,755,NAN,8,MMG
420,490,753,NAN,8,MMG
413,481,786,NAN,5,MMG
427,472,739,NAN,6,MMG
454,465,733,NAN,6,MMG
427,491,827,NAN,3,MMG
426,491,778,NAN,14,MMG
454,501,778,NAN,12,MMG
454,491,827,NAN,NAN,MMG
416,491,827,NAN,3,MMG
419,459,686,NAN,7.5,MMG
411,459,1041,NAN,NAN,MMG
411,445,1044,NAN,NAN,MMG
421,455,1042,NAN,NAN,MMG
426,454,1041,NAN,NAN,MMG
424,509,725,NAN,NAN,MMG
420,467,682,NAN,8,MMG
428,464,683,NAN,9,MMG
454,502,777,NAN,10,MMG
456,493,824,NAN,NAN,MMG
432,492,829,NAN,NAN,MMG
457,493,714,NAN,NAN,MMG
434,492,828,NAN,NAN,MMG
456,NAN,NAN,NAN,NAN,MMG
454,492,829,NAN,4,MMG
457,493,824,NAN,2,MMG
430,492,828,NAN,1,MMG
456,472,748,NAN,10,MMG
456,491,829,NAN,NAN,MMG
453,495,839,NAN,NAN,MMG
453,498,811,NAN,NAN,MMG
358,492,826,NAN,NAN,MMG
378.0,456,664,NAN,5,MMG
453,491,829,NAN,3.5,MMG
425,498,811,NAN,1,MMG
456,472,734,NAN,27,MMG
453,495,839,NAN,4,MMG
437,492,826,NAN,1,MMG
358,468,765,NAN,NAN,MMG
372.0,457,703,NAN,2,MMG
453,490,824,NAN,NAN,MMG
430,494,828,NAN,NAN,MMG
358,459,728,NAN,9,MMG
359,375,733,NAN,0.5,MMG
358,378,677,NAN,3.5,MMG
376.0,453,668,NAN,3.5,MMG
457,494,828,NAN,1.5,MMG
440,490,824,NAN,1,MMG
456,477,726,NAN,11,MMG
434,492,824,NAN,2,MMG
456,472,718,NAN,14,MMG
433,492,824,NAN,NAN,MMG
438,473,735,NAN,9.5,MMG
474.0,719,978,NAN,13,MMG
847.0,901,1399,NAN,NAN,MMG
814.0,901,1330,NAN,NAN,CMA
814.0,1001,1330,NAN,NAN,CMA
837.0,901,1436,NAN,NAN,CMA
813.0,865,1330,NAN,NAN,CMA
813.0,903,1277,NAN,NAN,CMA
844.0,850 (I have modified this value. Both can not be identical),1284,NAN,NAN,CMA
817.0,846,1240,NAN,NAN,CMA
816.0,957,1245,NAN,NAN,CMA
856.0,957,1342,NAN,NAN,CMA
856.0,965,1342,NAN,NAN,CMA
861.0,965,1345,NAN,NAN,CMA
861.0,967,1345,NAN,NAN,CMA
862.0,959,1346,NAN,NAN,CMA
854.0,959,1346,NAN,NAN,CMA
854.0,967,1346,NAN,NAN,CMA
861.0,967,1349,NAN,NAN,CMA
861.0,883,1349,NAN,NAN,CMA
847.0,1156,1251,NAN,NAN,CMA
878.0,961,1397,NAN,NAN,CMA
857.0,982,1346,NAN,NAN,CMA
870.0,964,1355,NAN,NAN,CMA
860.0,959,1345,NAN,NAN,CMA
855.0,957,1346,NAN,NAN,CMA
858.0,1108,1340,NAN,NAN,CMA
934.0,1093,1423,NAN,NAN,CMA
919.0,1116,1428,NAN,NAN,CMA
892,935,1433,NAN,NAN,CMA
828.0,1157,1293,NAN,NAN,CMA
941.0,1143,1476,NAN,NAN,CMA
942.0,1093,1456,NAN,NAN,CMA
919.0,1126,1428,NAN,NAN,CMA
934.0,1173,1446,NAN,NAN,CMA
945.0,1171,1490,NAN,NAN,CMA
942.0,1160,1491,NAN,NAN,CMA
941.0,1166,1479,NAN,NAN,CMA
941.0,1166,1487,NAN,NAN,CMA
756.0,963,1167,NAN,NAN,CMA
824,857,1349,NAN,NAN,CMA
878.0,1137,1416,NAN,NAN,CMA
932.0,1143,1465,NAN,NAN,CMA
939.0,1058,1462,NAN,NAN,CMA
882,886,1433,NAN,NAN,CMA
820,853,1240,NAN,NAN,CMA
821.0,826,1198,NAN,NAN,CMA
822.0,1173,1206,NAN,NAN,CMA
945.0,1173,1490,NAN,NAN,CMA
945.0,1142,1490,NAN,NAN,CMA
921.0,1135,1487,NAN,NAN,CMA
918.0,1173,1483,NAN,NAN,CMA
891,945,1490,NAN,NAN,CMA
NAN,924,1478,NAN,1,CMA
887,NAN,NAN,NAN,NAN,NAN
860,911,1458,NAN,1.5,MG
853,891,1390,110000,1.5,MMG
891.0,934,1391,NAN,0.5,MMG
875,961,1559,NAN,2,MMG
605,902,1413,NAN,2,MMG
683.0,830,1073,NAN,15,MMG
848,876,1304,NAN,2,MMG
819,898,1348,NAN,1,MMG
838,854,1288,NAN,1,MMG
820,863,1508,NAN,NAN,MMG
839,877,1364,NAN,NAN,MMG
849,890,1348,NAN,NAN,MMG
851,899,1351,NAN,NAN,MMG
842,895,1352,NAN,NAN,MMG
830,896,1369,NAN,NAN,MMG
861,902,1372,NAN,NAN,MMG
873,897,1395,NAN,NAN,MMG
844,900,1417,NAN,NAN,MMG
853,888,1370,NAN,NAN,MMG
844,886,1363,NAN,NAN,MMG
770,877,1518,NAN,NAN,MMG
795.0,821,1446,NAN,0.5,MMG
867,877,1272,NAN,3,MMG
748,927,1379,NAN,2,MMG
803.0,826,1366,NAN,0.5,MMG
836,896,1379,NAN,2,MMG
831,897,1343,NAN,NAN,MMG
839,892,1340,NAN,NAN,MMG
844,902,1346,NAN,NAN,MMG
836,907,1349,NAN,NAN,MMG
843,902,1373,NAN,NAN,MMG
841,894,1458,NAN,NAN,MMG
849,891,1392,NAN,NAN,MMG
914.0,984,1351,NAN,NAN,MMG
829.0,853,1424,NAN,NAN,MMG
804,894,1385,NAN,NAN,CMA
813,912,1213,NAN,NAN,MMG
815,965,1181,NAN,NAN,MMG
800,976,1168,NAN,NAN,MMG
703,959,1174,NAN,NAN,MMG
841,753,NAN,NAN,1,MMG
848,898,NAN,NAN,2,MMG
846,908,NAN,NAN,1.5,MMG
882,897,NAN,NAN,3,MMG
882,930,NAN,NAN,3,MMG
NAN,940,NAN,NAN,3,MMG
857,994,NAN,NAN,NAN,MMG
824,904,NAN,NAN,1.5,MMG
836,885,1385,NAN,2,MMG
881,897,1378,NAN,2,MMG
763,906,1447,NAN,NAN,MMG
767,856,1364,NAN,2,MMG
780,833,1367,NAN,2,MMG
774,846,1363,NAN,3,MMG
755,846,1366,NAN,2.5,MMG
745,795,1381,NAN,2,MMG
750,795,1348,NAN,3,MMG
762,795,1356,NAN,2.5,MMG
795.0,1046,1408,NAN,1,MMG
872.0,1048,1439,NAN,NAN,MMG
873.0,1100,1439,NAN,NAN,CMA
898.0,1082,1470,NAN,NAN,CMA
883.0,1080,1470,NAN,NAN,CMA
485,593,859,NAN,2,CMA
485,615,NAN,NAN,NAN,MMG
454,610,NAN,NAN,NAN,MMG
445,478,759,NAN,6,MMG
438,469,NAN,NAN,6,NAN
429,478,755,NAN,5,MMG
473.0,776,1005,NAN,5,MMG
1010,1064,NAN,NAN,2.5,NAN
1016,1062,NAN,NAN,2.5,MMG
1022,1066,NAN,NAN,2.5,MMG
983,1065,NAN,NAN,2,MMG
998,1007,NAN,NAN,2,MMG
1028,1033,NAN,NAN,2,MMG
645,1090,NAN,NAN,2.5,MMG
642.4,707,1071,NAN,0.8,MMG
582.5,686.4,1128,NAN,2,NAN
609,645.5,995.8,1800,25,MMG
636.1,682,995,125,5,MMG
644.3,677.1,1056.7,NAN,1.5,MMG
652,684.3,1101.3,1.06102,0.75,MMG
636.8,680,1154,5.06102,2,MMG
586,676.8,1121.1,NAN,2,MMG
614,678,NAN,0.1,73,MMG
613,684,1001,NAN,4,MMG
610,684,1005,NAN,5,MMG
611,683,1005,NAN,5,MMG
575,676,1006,NAN,7,MMG
580,684,NAN,0.067,80,MMG
635,645,NAN,NAN,10,MMG
636,670,1097,NAN,2,MMG
613,677,1056,NAN,1.5,MMG
641.1,690,1005,NAN,5,MMG
634,678.1,1111.1,NAN,2,MMG
636,640,NAN,NAN,1,MMG
640,645,NAN,NAN,1,MMG
640,672,NAN,NAN,1,MMG
642,648,NAN,NAN,1,MMG
NAN,669,NAN,NAN,1,MMG
382,NAN,NAN,10,NAN,MMG
402.0,417,705,NAN,1.5,MMG
367,469,725,NAN,5,MMG
395,402,743,NAN,1.5,MMG
399,410,760,NAN,1.5,MMG
416.0,551,703,NAN,1.5,MMG
417,626,NAN,NAN,NAN,MMG
469.0,509,810,NAN,NAN,MMG
NAN,585,826,NAN,5,MMG
NAN,NAN,NAN,4000,NAN,MMG
662,NAN,NAN,NAN,NAN,MMG
590,760,NAN,NAN,NAN,MMG
415,657,NAN,NAN,NAN,MMG
351,437,675,NAN,NAN,MMG
353,391,NAN,NAN,5,MMG
998,389,NAN,NAN,5,MMG
1003,1038,NAN,NAN,2,MMG
1005,1038,NAN,NAN,2,MMG
991,1035,NAN,NAN,2,MMG
980,1027,NAN,NAN,2,MMG
993,1004,NAN,NAN,NAN,MMG
812,1032,NAN,NAN,2,MMG
805,808,1206,NAN,NAN,MMG
799.0,826,1209,NAN,NAN,CMA
819,822,1206,NAN,NAN,CMA
807.0,882,1218,NAN,NAN,CMA
853.0,1124,1240,NAN,NAN,CMA
614,937,1440,NAN,NAN,CMA
604,680,NAN,NAN,NAN,CMA
617,662,NAN,NAN,NAN,MMG
622,672,NAN,NAN,NAN,MMG
612,677,NAN,NAN,NAN,MMG
619,674,1001,NAN,3,MMG
582,686,NAN,NAN,NAN,MMG
656.0,666,982,NAN,3,MMG
678,719,NAN,NAN,NAN,MMG
664,733,1103,NAN,3,MMG
672,735,NAN,NAN,NAN,MMG
631,734,NAN,NAN,NAN,MMG
650.2,711,NAN,NAN,NAN,MMG
661,698.5,NAN,NAN,1.5,MMG
589,708,NAN,NAN,NAN,MMG
655,671,1230,NAN,5,MMG
670,707,NAN,NAN,NAN,MMG
689,708,1226,NAN,NAN,MMG
NAN,768,1523,NAN,NAN,MMG
NAN,NAN,NAN,NAN,2,MMG
NAN,NAN,NAN,NAN,7,MMG
NAN,NAN,NAN,NAN,8,MMG
593,NAN,NAN,NAN,10,MMG
598,689,1145,NAN,3,MMG
602,685,1138,NAN,3,MMG
594,702,1129,NAN,3,MMG
615,706,1124,NAN,3,MMG
621,714,1138,NAN,3,MMG
604,716,1142,NAN,3,MMG
590,679,1132,NAN,3,MMG
610,674,1055,NAN,3,MMG
597,699,1123,NAN,3,MMG
599,668,1057,NAN,3,MMG
603,684,1214,NAN,6,MMG
598,709,1200,NAN,9,MMG
596,698,1180,NAN,10,MMG
592,706,1164,NAN,11,MMG
589,701,1244,NAN,7,MMG
601,705,1256,NAN,4,MMG
604,887,1409,NAN,NAN,MMG
604,639,1171,NAN,NAN,MMG
639.0,666,1171,NAN,5,MMG
660,715,1189,NAN,6,MMG
672,709,1184,NAN,4,MMG
669,723,1231,NAN,4,MMG
683,718,1191,NAN,6,MMG
687,740,1272,NAN,3,MMG
613,747,1279,NAN,3,MMG
611,701,1132,NAN,3,MMG
642,718,1221,NAN,12,MMG
634,709,1158,NAN,15,MMG
640,701,1244,NAN,13,MMG
629,698,1240,NAN,12,MMG
621,667,1013,NAN,NAN,MMG
622,668,1009,NAN,NAN,MMG
641,662,1009,NAN,NAN,MMG
680.0,688,1167,NAN,1,MMG
621,733,1207,NAN,NAN,MMG
622,668,1009,NAN,8,MMG
629,662,1009,NAN,6,MMG
604,667,1013,NAN,6,MMG
602,705,1246,NAN,7,MMG
599,699,1221,NAN,8,MMG
605,708,1188,NAN,7,MMG
605,NAN,NAN,NAN,10,MMG
602,700,1132,NAN,3,MMG
613,712,1097,NAN,3,MMG
633,723,1097,NAN,3,MMG
688,728,1101,NAN,3,MMG
NAN,733,1207,NAN,2,MMG
NAN,732.37,NAN,NAN,NAN,MG
NAN,710.15,NAN,NAN,NAN,MG
NAN,756.9,NAN,NAN,NAN,MG
NAN,779.17,NAN,NAN,NAN,MG
634,798.46,NAN,NAN,NAN,MG
NAN,734,1096,NAN,3,MG
628,NAN,NAN,NAN,1,MMG
658,686,NAN,NAN,25,MMG
683,711,NAN,NAN,1.5,MMG
726,729,NAN,NAN,3,MMG
673,800,1310,NAN,1,MMG
630,720,1225,NAN,1.5,MMG
673,708,NAN,NAN,12,MMG
654,720,1225,NAN,NAN,MMG
613,704,1095,NAN,NAN,MMG
680,720,1128,NAN,12,MMG
602,741,1142,NAN,5,MMG
615,652,1108,NAN,6,MMG
622,666,1093,NAN,10,MMG
635,675,1122,NAN,7,MMG
NAN,690,1136,NAN,6,MMG
677,NAN,NAN,NAN,10,MMG
677,726,1203,NAN,NAN,MMG
632,726,1203,NAN,2.5,MMG
636,701,1104,NAN,5,MMG
593.8,685,NAN,NAN,15,MMG
592.9,643.7,981.7,NAN,7,MMG
591.7,651.7,1008.2,NAN,7,MMG
606.9,651.6,1025.1,NAN,7,MMG
599,657.5,1037.7,NAN,7,MMG
616,660.4,1067.7,NAN,7,MMG
662.0,695,1000,NAN,3,MMG
683,749,1230,NAN,NAN,MMG
650,739,1169,NAN,1,MMG
644,692,1167,NAN,NAN,MMG
695,726,1040,NAN,3,MMG
709,749,1230,NAN,2,MMG
650,767,1240,NAN,2,MMG
666,692,1167,NAN,2,MMG
715.0,1091,1156,NAN,2,MMG
891.0,1076,1468,NAN,0,MMG
692.0,693.3,1167,NAN,2,CMA
693,757.5,1176,NAN,6,MMG
649,758,1176,NAN,NAN,MMG
649,699,1167,NAN,NAN,MMG
650,699,1167,NAN,3,MMG
634,692,1167,NAN,2,MMG
639,662,1006,NAN,3,MMG
646,666,1035,NAN,20,MMG
638,677,1045,NAN,3,MMG
673.0,681,1088,NAN,3,MMG
641,751,NAN,NAN,3,MMG
650,680,1167,NAN,1,MMG
666,692,1167,NAN,2,MMG
683,715,1156,NAN,2,MMG
739.0,1001,1169,NAN,1,MMG
842.0,1113,1426,NAN,NAN,MMG
906.0,944,1473,NAN,NAN,CMA
649,840,1348,NAN,NAN,CMA
699.0,864,1167,NAN,NAN,CMA
825.0,1017,1257,NAN,NAN,MMG
848.0,1131,1439,NAN,NAN,CMA
857,918,1479,NAN,NAN,CMA
810.0,848,1269,NAN,NAN,CMA
809.0,1162,1259,NAN,NAN,CMA
933.0,950,1494,NAN,NAN,CMA
822,841,1356,NAN,NAN,CMA
801.0,946,1231,NAN,NAN,CMA
821.0,827,1248,NAN,NAN,CMA
791.0,827,1254,NAN,NAN,CMA
790.0,841,1257,NAN,NAN,CMA
797.0,845,1267,NAN,NAN,CMA
779.0,823,1286,NAN,NAN,CMA
776.0,821,1273,NAN,NAN,CMA
791.0,830,1245,NAN,NAN,CMA
777.0,835,1282,NAN,NAN,CMA
792.0,859,1265,NAN,NAN,CMA
786.0,970,1312,NAN,NAN,CMA
862.0,883,1350,NAN,NAN,CMA
835.0,1007,1268,NAN,NAN,CMA
867.0,967,1394,NAN,NAN,CMA
858,864,1343,NAN,NAN,CMA
826.0,895,1247,NAN,NAN,CMA
826.0,884,1300,NAN,NAN,CMA
813.0,889,1304,NAN,NAN,CMA
812.0,959,1314,NAN,NAN,CMA
854.0,972,1346,NAN,NAN,CMA
860.0,883,1356,NAN,NAN,CMA
847.0,883,1251,NAN,NAN,CMA
847.0,871,1251,NAN,NAN,CMA
815.0,852,1283,NAN,NAN,CMA
826.0,844,1238,NAN,NAN,CMA
817.0,846,1240,NAN,NAN,CMA
816.0,845,1245,NAN,NAN,CMA
818.0,855,1240,NAN,NAN,CMA
812.0,913,1262,NAN,NAN,CMA
842.0,1164,1300,NAN,NAN,CMA
939.0,1160,1487,NAN,NAN,CMA
941.0,1124,1479,NAN,NAN,CMA
927.0,1148,1456,NAN,NAN,CMA
NAN,941,1464,NAN,NAN,CMA
NAN,NAN,NAN,NAN,NAN,CMA
NAN,NAN,NAN,NAN,NAN,MMG
698.4,NAN,NAN,NAN,NAN,MMG
1164,727.2,NAN,NAN,4.5,MMG
NAN,939,1487,NAN,NAN,MMG
NAN,NAN,NAN,NAN,NAN,CMA
NAN,NAN,NAN,NAN,3,MMG
NAN,NAN,NAN,NAN,3,MMG
NAN,NAN,NAN,NAN,3,MMG
NAN,NAN,NAN,NAN,3,MMG
681,NAN,NAN,NAN,NAN,MMG
596,751,NAN,NAN,15,MMG
NAN,643,NAN,NAN,5,MMG
NAN,600,1089,NAN,0.02,MMG
563.0,627,1011,NAN,NAN,MMG
624,653,1147,NAN,NAN,MMG
615,649,1135,NAN,NAN,MMG
617,636,1072,NAN,NAN,MMG
617,630,1118,NAN,NAN,MMG
548,638,1087,NAN,NAN,MMG
573.0,635,1005,NAN,NAN,MMG
621,683,1169,NAN,NAN,MMG
647.0,840,1070,NAN,NAN,MMG
829.0,1217,1254,NAN,NAN,MMG
1151,1271,NAN,NAN,NAN,CMA
1278,1173,NAN,NAN,NAN,MG
1048,1291,NAN,NAN,NAN,MG
985,1067,NAN,NAN,NAN,MG
969,1003,NAN,NAN,NAN,CMG
968,987,NAN,NAN,NAN,MG
984.0,1129,1595,NAN,NAN,CMG
1110,1180,NAN,NAN,NAN,CMG
1025,1167,NAN,NAN,NAN,MG
NAN,1119,NAN,NAN,NAN,MG
1166,NAN,NAN,NAN,NAN,MG
941.0,1144,1487,NAN,NAN,CMG
636,950,1446,NAN,NAN,CMA
633,690,1078,NAN,1.5,CMA
688,694,1060,NAN,2,MMG
898.4,946,1511,NAN,NAN,MMG
645,948.6,1412.6,NAN,2,MMG
645,760,1034,NAN,25,MMG
731.0,917.3,1010,NAN,25,MMG
918,978.8,1415.4,NAN,4,MMG
918,980,1411.5,NAN,4,MMG
917.3,980,1411.5,NAN,4,MMG
914.5,978.8,1415.4,NAN,4,MMG
381,973.7,1416,NAN,3,MMG
NAN,401,NAN,NAN,4,MMG
NAN,NAN,NAN,NAN,2,MMG
NAN,NAN,NAN,NAN,2,MMG
696,NAN,NAN,NAN,2,MMG
683,746,1201,NAN,2,MMG
645.9,729,1161,NAN,6,MMG
673.2,677.2,1036.6,NAN,6,MMG
672,706.9,1081.1,NAN,6,MMG
NAN,707.6,NAN,NAN,NAN,MMG
NAN,NAN,NAN,NAN,1.5,MMG
NAN,NAN,NAN,NAN,2.5,MMG
NAN,NAN,NAN,NAN,2,MMG
NAN,NAN,NAN,NAN,2,MMG
NAN,NAN,NAN,NAN,2,MMG
716.5,NAN,NAN,NAN,1.5,MMG
704,777.1,1164.4,NAN,NAN,MMG
700,731,1212,NAN,4,MMG
669,779,1131,NAN,25,MMG
642,728,1188,NAN,NAN,MMG
669,806,1153,NAN,20,MMG
668,727,1171,NAN,4,MMG
642,795,1153,NAN,25,MMG
755.0,781,1218,NAN,4,MMG
NAN,841,1320,NAN,2,MMG
NAN,NAN,NAN,NAN,0.5,MMG
NAN,NAN,NAN,NAN,1,MMG
NAN,NAN,NAN,NAN,16,MMG
765,NAN,NAN,NAN,8,MMG
761,811,1295,16.6,2,MMG
665,840,1245,16.5,2.5,MMG
741,755,1207,NAN,8,MMG
663,NAN,1198,NAN,18,CMG
679,743,NAN,NAN,4,MMG
664,752,NAN,NAN,4,MMG
663,736,NAN,NAN,5,MMG
667,734,1187,NAN,4,MMG
705.0,743,1205,NAN,8,MMG
750,792,1258,NAN,NAN,MMG
763,799,1258,NAN,NAN,MMG
770,812,1257,NAN,NAN,MMG
775,824,1256,NAN,NAN,MMG
757,828,1258,NAN,NAN,MMG
729,806,1258,NAN,NAN,MMG
735,780,1282,NAN,NAN,MMG
658.2,787,1260,NAN,NAN,MMG
634.3,690,1055.6,NAN,6,MMG
669.1,685.6,1053.5,NAN,6,MMG
632,724.6,1116.3,NAN,6,MMG
635,707,1182,NAN,NAN,MMG
705.0,743,1190,NAN,NAN,MMG
741,792,1261,NAN,NAN,MMG
669,792,1262,NAN,NAN,MMG
641,717,1143,NAN,NAN,MMG
715,723,1200,NAN,NAN,MMG
733,778,1192,NAN,NAN,MMG
665,788,1313,NAN,NAN,MMG
711,716,1114,NAN,NAN,MMG
713,800,1185,NAN,NAN,MMG
726,762,1159,NAN,NAN,MMG
727,793,1156,NAN,NAN,MMG
729,794,1139,NAN,NAN,MMG
741,795,1170,NAN,NAN,MMG
750,807,1232,NAN,NAN,MMG
747,790,1243,NAN,NAN,MMG
740,789,1238,NAN,NAN,MMG
748,786,1375,NAN,NAN,MMG
753,794,1245,NAN,NAN,MMG
750,802,1245,NAN,NAN,MMG
712,808,1244,NAN,NAN,MMG
709,739,1441,NAN,NAN,MMG
703,802,1194,NAN,NAN,MMG
704,784,1168,NAN,NAN,MMG
705,788,1167,NAN,NAN,MMG
680,780,1213,NAN,NAN,MMG
698,780,1149,NAN,NAN,MMG
700,778,1175,NAN,NAN,MMG
699,741,1158,NAN,NAN,MMG
686,769,1121,NAN,NAN,MMG
687,767,1169,NAN,NAN,MMG
688,746,1154,NAN,NAN,MMG
692,770,1156,NAN,NAN,MMG
692,779,1155,NAN,NAN,MMG
692,776,1175,NAN,NAN,MMG
702,795,1146,NAN,NAN,MMG
700,785,1162,NAN,NAN,MMG
690,763,1135,NAN,NAN,MMG
685,753,1169,NAN,NAN,MMG
687,750,1143,NAN,NAN,MMG
630,752,1143,NAN,NAN,MMG
647,689,1200,NAN,NAN,MMG
411,643,1274,NAN,NAN,MMG
430,483,856,NAN,NAN,MMG
490.0,618,901,NAN,NAN,MMG
602,691,1036,NAN,NAN,MMG
614,733,1138,NAN,NAN,MMG
574,687,998,NAN,NAN,MMG
653.0,698,1243,NAN,NAN,MMG
NAN,765,1125,NAN,10,MMG
696.7,NAN,NAN,NAN,8,MMG
640,774.2,1196.8,NAN,4,MMG
631,710,1220,NAN,1.5,MMG
630,705,1205,NAN,8,MMG
689.0,710,1200,NAN,1.5,MMG
641,776,1151,NAN,10.4,MMG
665,707,1179,NAN,6,MMG
700,745,1227,NAN,NAN,MMG
690,761,1152,NAN,12,MMG
702,791,1143,NAN,25,MMG
670,772,1166,NAN,15,MMG
690,771,1146,NAN,25,MMG
680,784,1148,NAN,20,MMG
668,780,1148,NAN,15,MMG
652,723,1188,NAN,3,MMG
661,NAN,NAN,NAN,NAN,MMG
657,NAN,NAN,NAN,NAN,MMG
NAN,724,1166,NAN,2,MMG
NAN,NAN,NAN,NAN,8,MMG
NAN,NAN,NAN,NAN,8,MMG
NAN,NAN,NAN,NAN,8,MMG
668.2,NAN,NAN,NAN,1.5,MMG
690,750.7,1179.9,NAN,4,MMG
719.4,757,1158,NAN,5.2,MMG
651,783.6,NAN,NAN,NAN,MMG
633,751,1186,NAN,3,MMG
687,706,1175,NAN,8,MMG
674.0,737,1095,NAN,4,MMG
690,815,1285,NAN,5,MMG
675,753,1169,NAN,4.5,MMG
679,752,1352,NAN,NAN,MMG
651,757,1143,NAN,NAN,MMG
666,751,1186,NAN,NAN,MMG
650,782,1211,NAN,NAN,MMG
648.0,658,1303,NAN,NAN,MMG
655,740,1188,NAN,NAN,MMG
591,767,1170,NAN,NAN,MMG
574,652,1276,NAN,NAN,MMG
575,654,1236,NAN,NAN,MMG
652,683,1134,NAN,0.68,MMG
631,723,1364,NAN,NAN,MMG
625,669,1087,NAN,NAN,MMG
631,674,1095,NAN,4,MMG
669.0,716,1087,NAN,3,MMG
683,746,1274,NAN,NAN,MMG
666,750,1294,NAN,5,MMG
631,768,1153,NAN,20,MMG
669.0,680,1087,NAN,3,MMG
668.0,683,1334,NAN,NAN,MMG
676,766,1207,NAN,NAN,MMG
670,738,1159,NAN,NAN,MMG
573,757,1376,NAN,NAN,MMG
639,662,1250,NAN,NAN,MMG
640,684,1065,NAN,NAN,MMG
644,716,1067,NAN,NAN,MMG
422,738,1073,NAN,NAN,MMG
474.0,700,919,NAN,NAN,MMG
696,738,1181,NAN,9,MMG
677,750,1145,NAN,10,MMG
415,720,1145,NAN,NAN,MMG
419,470,920,NAN,NAN,MMG
416,470,921,NAN,NAN,MMG
417,471,922,NAN,NAN,MMG
414,471,922,NAN,NAN,MMG
471.0,699,908,NAN,NAN,MMG
660,794,1140,NAN,30,MMG
625,729.8,1209,NAN,4,MMG
707.0,708,1171,NAN,10,MMG
677,797,1238,NAN,4,MMG
679,742,1234,NAN,NAN,MMG
665,742,1230,NAN,NAN,MMG
690,736,1237,NAN,NAN,MMG
736,741,1217,NAN,NAN,MMG
701,796,1283,NAN,NAN,MMG
661,754,1233,NAN,NAN,MMG
715,755,1124,NAN,NAN,MMG
704,771,1258,NAN,NAN,MMG
738,744,1258,NAN,NAN,MMG
636,799,1238,NAN,NAN,MMG
696,718,1153,NAN,2,MMG
700,750,1145,NAN,NAN,MMG
704,738,1181,NAN,NAN,MMG
699,731,1212,NAN,NAN,MMG
699,794,1140,NAN,NAN,MMG
693,794,1140,NAN,NAN,MMG
694,788,1129,NAN,NAN,MMG
695,795,1155,NAN,NAN,MMG
695,779,1131,NAN,NAN,MMG
692,796,1187,NAN,NAN,MMG
687,794,1147,NAN,NAN,MMG
705,797,1131,NAN,NAN,MMG
705,778,1123,NAN,NAN,MMG
705,806,1169,NAN,NAN,MMG
705,795,1153,NAN,NAN,MMG
710,799,1153,NAN,NAN,MMG
711,765,1272,NAN,NAN,MMG
723,786,1154,NAN,NAN,MMG
709,813,1159,NAN,NAN,MMG
710,796,1155,NAN,NAN,MMG
707,775,1228,NAN,NAN,MMG
708,777,1131,NAN,NAN,MMG
706,797,1238,NAN,NAN,MMG
713,799,1213,NAN,NAN,MMG
714,806,1153,NAN,NAN,MMG
715,787,1112,NAN,NAN,MMG
696,755,1218,NAN,NAN,MMG
707,758,1151,NAN,NAN,MMG
709,765,1150,NAN,NAN,MMG
709,759,1209,NAN,NAN,MMG
719,752,1146,NAN,NAN,MMG
745,799,1111,NAN,NAN,MMG
732,800,1361,NAN,NAN,MMG
709,780,1390,NAN,NAN,MMG
722,815,1117,NAN,NAN,MMG
675,800,1132,NAN,NAN,MMG
658,729,NAN,NAN,5,MMG
703.5,768,1186,NAN,6,MMG
700.1,767.2,NAN,NAN,NAN,MMG
679.7,765.3,NAN,NAN,NAN,MMG
662,746.2,NAN,NAN,NAN,MMG
662,740,1185,NAN,6,MMG
662,732,1165,NAN,10,MMG
661,716,1153,NAN,8,MMG
704,705,1149,NAN,3,MMG
692,731,1212,NAN,4,MMG
687,794,1147,NAN,20,MMG
706,797,1131,NAN,25,MMG
694,799,1213,NAN,9,MMG
709,795,1155,NAN,20,MMG
695,796,1155,NAN,20,MMG
695,779,1131,NAN,25,MMG
705,796,1187,NAN,15,MMG
693,795,1153,NAN,25,MMG
723,788,1129,NAN,30,MMG
715,813,1159,NAN,15,MMG
709,755,1218,NAN,4,MMG
705,759,1209,NAN,9,MMG
705,799,1153,NAN,20,MMG
699,806,1169,NAN,10,MMG
713,794,1140,NAN,30,MMG
707,806,1153,NAN,20,MMG
649,765,1150,NAN,10,MMG
723,772,1177.2,NAN,4,MMG
680.3,827.8,1169.2,NAN,4,MMG
650,764.2,1154,NAN,4,MMG
668,689,1143,NAN,2,MMG
670,766,1069,NAN,5,MMG
676,728,1179,NAN,3,MMG
677,746,1127,NAN,3,MMG
694,746,1124,NAN,3,MMG
697,751,1163,NAN,3,MMG
650,756,1180,NAN,3,MMG
652,723,1153,NAN,2,MMG
656,707,1158,NAN,2,MMG
671,706,1174,NAN,2,MMG
676.7,703,1206,NAN,2,MMG
683,720,1145.2,NAN,10,MMG
726.0,737,1156,NAN,10,MMG
714,784,1143,NAN,9,MMG
650,787,1112,NAN,5,MMG
627,770,1173,NAN,20,MMG
719,738,NAN,NAN,0.04,MMG
724,780,1158,NAN,7,MG
718.9,778.5,1166.7,NAN,NAN,MMG
725.3,768.3,1164.6,NAN,NAN,MMG
725.7,761.1,1164.9,NAN,NAN,MMG
668.3,756.5,1160.4,NAN,NAN,MMG
667.3,753,1180.4,NAN,5,CMG
665.5,754.6,1182,NAN,8,MMG
664.7,748.9,1201.6,NAN,6,MMG
656,741.5,1207.9,NAN,4,MMG
665,735,1167,NAN,16,MMG
668,750,1159,NAN,NAN,MMG
651,766,1069,NAN,NAN,MMG
657,770,1184,NAN,NAN,MMG
657,736,1168,NAN,NAN,MMG
658,760,1195,NAN,NAN,MMG
585,757,1196,NAN,NAN,MMG
598,645,1277,NAN,NAN,MMG
574,658,1276,NAN,NAN,MMG
575,658,1243,NAN,NAN,MMG
610,650,1229,NAN,NAN,MMG
666.0,674.65,1027,NAN,NAN,MMG
656.5,746.25,NAN,NAN,NAN,MMG
695,735.6,1167.6,NAN,16,MMG
703,754,1292,NAN,NAN,MMG
706,776,1127,NAN,NAN,MMG
640,776,1128,NAN,NAN,MMG
607,713,1277,NAN,NAN,MMG
610,678,1060,NAN,NAN,MMG
611,682,1023,NAN,NAN,MMG
617,678,1018,NAN,NAN,MMG
620,685,1037,NAN,NAN,MMG
675.0,722,1057,NAN,NAN,MMG
658,800,1132,NAN,3,MMG
NAN,751,1071,NAN,8,MMG
NAN,NAN,NAN,NAN,1.6,MMG
NAN,NAN,NAN,NAN,1.6,MMG
NAN,NAN,NAN,NAN,1.6,MMG
656,NAN,NAN,NAN,3,MMG
625,724,1072,NAN,8,MMG
663.3,739,1206,NAN,10,MMG
647,732.2,1164.3,NAN,6.5,MMG
663.3,709.5,1164.8,NAN,4,MMG
643,732.2,1164.3,NAN,6.5,MMG
679,708,1160,NAN,2,MMG
693,777,1223,NAN,NAN,MMG
647,773,1218,NAN,NAN,MMG
657.9,709.5,1164.8,NAN,4,MMG
690,717.3,1158.5,NAN,5,MMG
636,739,1253,NAN,NAN,MMG
661,757,1271,NAN,NAN,MMG
658,759,1202,NAN,NAN,MMG
730,747,1230,NAN,NAN,MMG
NAN,779,1242,NAN,NAN,MMG
677,NAN,NAN,NAN,NAN,MMG
731,750,NAN,NAN,10,MMG
662,780,1233,NAN,NAN,MMG
629,712,1092,NAN,NAN,MMG
639,680,1047,NAN,NAN,MMG
635,683,1076,NAN,NAN,MMG
652,687,1061,NAN,NAN,MMG
638,724,1196,NAN,NAN,MMG
658,691,1075,NAN,NAN,MMG
633,761,1141,NAN,NAN,MMG
705,801,NAN,NAN,5,MMG
657.9,717.3,1158.5,NAN,5,MMG
671,750,1309,NAN,NAN,MMG
658,745,1121,NAN,NAN,MMG
640,745,1188,NAN,NAN,MMG
635,677,1064,NAN,NAN,MMG
712,758,1211,NAN,NAN,MMG
710,804,1109,NAN,NAN,MMG
653,704,1142,NAN,NAN,MMG
642,685,1087,NAN,NAN,MMG
637,686,1071,NAN,NAN,MMG
633,682,1074,NAN,NAN,MMG
643,694,1107,NAN,NAN,MMG
NAN,NAN,NAN,NAN,NAN,MMG
653,733,1127,NAN,NAN,MMG
NAN,NAN,NAN,NAN,5,MMG
658.4,729.9,1165.8,NAN,6,MMG
682,742,1115,NAN,11.2,MMG
655,720,1126,10,NAN,MMG
669,756,1143,NAN,NAN,MMG
669,754,1157,NAN,NAN,MMG
675,727,1090,NAN,10,MMG
775,NAN,1337,10,12,MMG
697,813,1129,NAN,35,MMG
727,780,1137,NAN,9,MMG
722,779,1116,NAN,9,MMG
709,767,1112,NAN,9,MMG
672.3,743.8,1172.2,NAN,7.5,MMG
658,714,1173,NAN,NAN,MMG
747,806,1220,NAN,16,MMG
NAN,NAN,NAN,NAN,3,MMG
NAN,NAN,NAN,NAN,12,MMG
NAN,NAN,NAN,NAN,8,MMG
628,683,997,NAN,NAN,MMG
629,727,992,NAN,3,MMG
649,NAN,1157,NAN,20,MMG
669.9,737.5,1154.6,NAN,5.5,MMG
669.9,737.5,1154.6,NAN,5.5,MMG
628,683,997,NAN,5,MMG
650,700,951,NAN,5,MMG
705,811,NAN,NAN,73,MMG
625,705,1001,NAN,6,MMG
652,728,1193,NAN,NAN,MMG
663,747,1189,NAN,5,MMG
NAN,NAN,NAN,NAN,10,MMG
NAN,NAN,NAN,NAN,NAN,MMG
623,705,NAN,8,50,MMG
671,729,NAN,1.2,16,MMG
658,720,NAN,NAN,7,MMG
656,717,NAN,NAN,5,MMG
664,721,1145,NAN,6,MMG
665,736,1146,NAN,16,MMG
671,739,1148,NAN,20,MMG
681,741,1145,NAN,18,MMG
664,751,1191,NAN,4,MMG
656,753,1175,NAN,4,MMG
653,733,1029,NAN,5,MMG
658,743,1181,NAN,10,MMG
739,813,1275,NAN,10,MMG
740,805,1246,NAN,16,MMG
753,806,1222,NAN,14,MMG
NAN,NAN,NAN,NAN,8,MMG
737,815,1285,NAN,5,MMG
658.4,729.9,1165.8,NAN,6,MMG
NAN,NAN,NAN,NAN,NAN,MMG
707,736,1168,NAN,NAN,MMG
630,674,975,NAN,NAN,MMG
672.3,743.8,1172.2,NAN,7.5,MMG
643,695,NAN,NAN,5,MMG
664,751,1191,NAN,4,MMG
663,747,1189,NAN,5,MMG
658,743,1181,NAN,10,MMG
656,753,1175,NAN,4,MMG
630,674,975,NAN,5,MMG
670,712,1029,NAN,5,MMG
753,806,1222,NAN,14,MMG
739,813,1275,NAN,10,MMG
651,751,1186,NAN,3,MMG
679,NAN,NAN,NAN,14,MMG
725,NAN,1206,NAN,18,MMG
681,751,NAN,NAN,15,MMG
666,719,1150,NAN,6,MMG
665,729,1149,NAN,6,MMG
663,756,1149,NAN,6,MMG
660,760,1154,NAN,6,MMG
663,766,1152,NAN,6,MMG
821.0,914,1336,NAN,NAN,MMG
726.0,741,1226,NAN,NAN,CMA
818.0,899,1319,NAN,NAN,CMA
722.0,734,1220,NAN,NAN,CMA
755.0,829,1318,NAN,NAN,CMA
809.0,876,1300,NAN,NAN,CMA
620,677,993,NAN,50,CMA
705,781,1163,NAN,3,MMG
669,719,1206,NAN,2,MMG
662,692,1343,NAN,2,CMG
652,NAN,NAN,NAN,NAN,MMG
684,NAN,NAN,NAN,NAN,MMG
694,NAN,NAN,NAN,NAN,MMG
702,NAN,NAN,NAN,NAN,MMG
NAN,NAN,NAN,NAN,NAN,MMG
618.0,701,NAN,1.5,NAN,MMG
395,NAN,395,NAN,NAN,MMG
323.0,348,NAN,NAN,3,MMG
658.2,787,1260,NAN,NAN,MMG
634.3,690,1055.6,NAN,6,MMG
669.1,685.6,1053.5,NAN,6,MMG
715,771,1163,NAN,5,CMA
704,783,1242,NAN,20,CMA
702,782,1123,NAN,20,CMA
703,781,1125,NAN,20,CMG
709,774,1118,NAN,20,CMG
710,783,1208,NAN,20,CMG
711,785,1154,NAN,20,CMG
713,786,1159,NAN,20,MMG
738,770,1127,NAN,20,MMG
703,774,1155,NAN,20,CMA
701,764,1138,NAN,20,CMA
706,770,1218,NAN,20,CMG
707,762,1132,NAN,20,CMG
706,777,1129,NAN,20,CMG
705,778,1122,NAN,20,MMG
706,778,1127,NAN,20,MMG
707,779,1127,NAN,20,MMG
710,776,1228,NAN,20,MMG
703,775,1126,NAN,20,CMA
704,776,1130,NAN,20,MMG
710,778,1120,NAN,20,MMG
711,767,1129,NAN,20,CMG
703,758,1144,NAN,20,CMG
708,767,1242,NAN,20,CMG
722,794,NAN,NAN,8,CMG
623,672,996,NAN,25,MMG
575,670,840,NAN,72,MMG
422,482,727,NAN,20,MMG
419,459,687,NAN,35,MMG
663,755,1207,NAN,8,MMG
658,757,1193,NAN,10,MMG
655,767,1175,NAN,20,MMG
657,760,1185,NAN,15,MMG
670.0,756,12118,NAN,10,MMG
651,770,1173,NAN,20,MMG
825,877,1507,NAN,2,MMG
816,857,1453,NAN,1.5,MMG
690,784,1148,NAN,NAN,MMG
670,771,1146,NAN,NAN,MMG
710,752,1182,NAN,NAN,MMG
380,423,NAN,NAN,7,MMG
